"date","winner","loser"
"2008.12.30","오규철","장주주(국내)"
"2008.12.30","장명한","최창원"
"2008.12.30","김 인","윤기현"
"2008.12.30","나종훈","하찬석"
"2008.12.29","권갑용","문명근"
"2008.12.29","박진열","정대상"
"2008.12.29","양재호","권경언"
"2008.12.29","강만우","이기섭"
"2008.12.29","김종수","백흥수"
"2008.12.29","최규병","김수장"
"2008.12.29","오규철","노영하"
"2008.12.29","장주주(국내)","심종식"
"2008.12.29","차수권","백성호"
"2008.12.29","이형로","김준영"
"2008.12.29","최창원","고재희"
"2008.12.29","장명한","임순택"
"2008.12.29","김성래","김기헌"
"2008.12.29","김일환","이홍열"
"2008.12.29","김 인","차민수"
"2008.12.29","윤기현","박종열"
"2008.12.29","이봉근","정수현"
"2008.12.29","안관욱","유병호"
"2008.12.29","김종준","김동면"
"2008.12.29","서능욱","이상철"
"2008.12.29","김덕규","김철중"
"2008.12.29","루이나이웨이(국내)","이관철"
"2008.12.29","하찬석","윤종섭"
"2008.12.29","나종훈","박성수"
"2008.12.29","문명근","강 훈(大)"
"2008.12.29","권갑용","박상돈"
"2008.12.29","황원준","장수영"
"2008.12.29","박영찬","천풍조"
"2008.12.29","박진열","김학수(大)"
"2008.12.29","정대상","한철균"
"2008.12.29","강만우","조대현"
"2008.12.29","최규병","정동식"
"2008.12.29","김준영","허장회"
"2008.12.29","장명한","양상국"
"2008.12.29","윤기현","조영숙"
"2008.12.29","안관욱","김석흥"
"2008.12.29","루이나이웨이(국내)","김동엽"
"2008.12.29","나종훈","유건재"
"2008.12.29","박영찬","장두진"
"2008.12.29","한철균","김재구"
"2008.12.27","저우허양","이영구"
"2008.12.26","이세돌","강동윤"
"2008.12.23","이창호","이세돌"
"2008.12.22","배준희","박영훈"
"2008.12.22","이세돌","강동윤"
"2008.12.21","이창호","목진석"
"2008.12.21","목진석","박정환"
"2008.12.19","이영구","백대현"
"2008.12.19","박영훈","조훈현"
"2008.12.19","원성진","이세돌"
"2008.12.19","김기용","박정환"
"2008.12.17","쿵제","저우루이양"
"2008.12.17","박정환","김기용"
"2008.12.17","이세돌","황이중"
"2008.12.16","목진석","이춘규"
"2008.12.15","백대현","이창호"
"2008.12.15","쿵제","저우루이양"
"2008.12.15","김기용","박정환"
"2008.12.15","이세돌","황이중"
"2008.12.13","이세돌","퉈자시"
"2008.12.13","허영호","윤찬희"
"2008.12.13","이정우","김형우"
"2008.12.13","고근태","김지석"
"2008.12.13","윤준상","목진석"
"2008.12.13","강유택","박영훈"
"2008.12.12","최철한","목진석"
"2008.12.12","강동윤","권형진"
"2008.12.12","이민진","박지연"
"2008.12.12","김지석","한상훈"
"2008.12.11","안조영","김지석"
"2008.12.11","이창호","쿵제"
"2008.12.11","백홍석","박정상"
"2008.12.11","박정환","웨량"
"2008.12.11","창하오","저우허양"
"2008.12.10","강동윤","김광식"
"2008.12.10","이태현","박승화"
"2008.12.10","목진석","이세돌"
"2008.12.09","쿵제","딩웨이"
"2008.12.09","저우허양","셰허"
"2008.12.09","창하오","황이중"
"2008.12.09","이창호","구리"
"2008.12.09","박영훈","원성진"
"2008.12.08","김수용","김대희"
"2008.12.08","이세돌","강동윤"
"2008.12.07","박영훈","김지석"
"2008.12.06","이세돌","배준희"
"2008.12.06","고근태","허영호"
"2008.12.06","윤준상","목진석"
"2008.12.06","윤찬희","강유택"
"2008.12.05","홍기표","윤현석"
"2008.12.05","이창호","서능욱"
"2008.12.05","이영구","박정환"
"2008.12.05","김지석","노준환"
"2008.12.05","이세돌","강동윤"
"2008.12.04","이세돌","저우루이양"
"2008.12.04","윤준상","이정우"
"2008.12.04","이하진","이지현(여)"
"2008.12.04","이원도","조경호"
"2008.12.03","강동윤","이창호"
"2008.12.03","허영호","고근태"
"2008.12.03","김형우","박영훈"
"2008.12.03","목진석","김지석"
"2008.12.02","이세돌","창하오"
"2008.12.02","박정환","김지석"
"2008.12.02","윤현석","이희성"
"2008.12.02","홍기표","주형욱"
"2008.12.02","안조영","진시영"
"2008.12.02","박병규","한종진"
"2008.12.02","윤준상","목진석"
"2008.12.02","이창호","송태곤"
"2008.12.01","김지석","이현호"
"2008.12.01","노준환","진동규"
"2008.12.01","안조영","조훈현"
"2008.12.01","진시영","홍성지"
"2008.12.01","박병규","안달훈"
"2008.12.01","한종진","허영호"
"2008.12.01","백대현","윤찬희"
"2008.12.01","이영구","김형우"
"2008.12.01","박정환","양 건"
"2008.12.01","이희성","서무상"
"2008.12.01","윤현석","최규병"
"2008.12.01","주형욱","김일환"
"2008.12.01","홍기표","이상훈(大)"
"2008.12.01","목진석","조혜연"
"2008.12.01","이창호","백성호"
"2008.12.01","강동윤","이세돌"
"2008.11.30","이세돌","최철한"
"2008.11.29","진동규","박지훈(小)"
"2008.11.29","안달훈","박지연"
"2008.11.29","다카오 신지","강동윤"
"2008.11.28","박영훈","원성진"
"2008.11.28","송태곤","김진우"
"2008.11.28","윤찬희","옥득진"
"2008.11.28","백대현","이춘규"
"2008.11.28","이영구","루이나이웨이(국내)"
"2008.11.28","김형우","안형준"
"2008.11.28","양 건","이원도"
"2008.11.28","박정환","김세동"
"2008.11.28","서무상","김혜민"
"2008.11.28","이희성","한웅규"
"2008.11.28","윤현석","장수영"
"2008.11.28","최규병","김주호"
"2008.11.28","김일환","이하진"
"2008.11.28","주형욱","류동완"
"2008.11.28","홍기표","강만우"
"2008.11.28","이상훈(大)","류재형"
"2008.11.28","이현호","이태현"
"2008.11.28","김지석","이홍열"
"2008.11.28","노준환","오규철"
"2008.11.28","안조영","최원용"
"2008.11.28","조훈현","유재호"
"2008.11.28","홍성지","이용찬"
"2008.11.28","진시영","박종열"
"2008.11.28","박병규","박정상"
"2008.11.28","허영호","안관욱"
"2008.11.28","한종진","홍민표"
"2008.11.28","이현호","이태현"
"2008.11.28","김지석","이홍열"
"2008.11.28","노준환","오규철"
"2008.11.28","안조영","최원용"
"2008.11.28","조훈현","유재호"
"2008.11.28","홍성지","이용찬"
"2008.11.28","진시영","박종열"
"2008.11.28","박병규","박정상"
"2008.11.28","허영호","안관욱"
"2008.11.28","한종진","홍민표"
"2008.11.28","김기용","이성재"
"2008.11.28","윤준상","서봉수"
"2008.11.28","조혜연","이용수"
"2008.11.28","강동윤","추쥔"
"2008.11.28","이창호","박승문"
"2008.11.27","박정상","장주주(국내)"
"2008.11.27","이영구","최기훈"
"2008.11.27","이원도","박승현"
"2008.11.27","김혜민","김영삼"
"2008.11.27","이희성","이현욱"
"2008.11.27","류동완","이영신"
"2008.11.27","이상훈(大)","강지성"
"2008.11.27","김진우","서중휘"
"2008.11.27","송태곤","김진훈"
"2008.11.27","백성호","권경언"
"2008.11.27","옥득진","김 원"
"2008.11.27","윤찬희","온소진"
"2008.11.27","루이나이웨이(국내)","홍종현"
"2008.11.27","안형준","박승철"
"2008.11.27","김형우","김학수(大)"
"2008.11.27","양 건","강 훈(大)"
"2008.11.27","김세동","김성래"
"2008.11.27","박정환","배준희"
"2008.11.27","서무상","김승재"
"2008.11.27","한웅규","김기헌"
"2008.11.27","윤현석","김수장"
"2008.11.27","장수영","조대현"
"2008.11.27","김주호","이슬아"
"2008.11.27","최규병","강유택"
"2008.11.27","이하진","김세실"
"2008.11.27","김일환","최창원"
"2008.11.27","주형욱","김동면"
"2008.11.27","강만우","박영찬"
"2008.11.27","홍기표","김덕규"
"2008.11.27","강동윤","하네 나오키"
"2008.11.26","백대현","이상훈(小)"
"2008.11.26","이춘규","양재호"
"2008.11.26","류재형","김대희"
"2008.11.26","이현호","김효곤"
"2008.11.26","이태현","장주주(국내)"
"2008.11.26","김지석","김동희(大)"
"2008.11.26","이홍열","이지현(여)"
"2008.11.26","박지훈(小)","남치형"
"2008.11.26","진동규","김찬우"
"2008.11.26","노준환","조연우"
"2008.11.26","오규철","이민진"
"2008.11.26","최원용","박소현"
"2008.11.26","안조영","전영규"
"2008.11.26","유재호","김강근"
"2008.11.26","조훈현","김은선"
"2008.11.26","이용찬","정수현"
"2008.11.26","홍성지","웨량"
"2008.11.26","진시영","백홍석"
"2008.11.26","박종열","김석흥"
"2008.11.26","박병규","김철중"
"2008.11.26","박정상","유창혁"
"2008.11.26","박지연","김민희"
"2008.11.26","안달훈","최명훈"
"2008.11.26","허영호","김선미"
"2008.11.26","안관욱","나종훈"
"2008.11.26","한종진","권오민"
"2008.11.26","홍민표","차민수"
"2008.11.26","이성재","장두진"
"2008.11.26","김기용","백지희"
"2008.11.26","권형진","김종수"
"2008.11.26","윤준상","염정훈"
"2008.11.26","서봉수","윤지희"
"2008.11.26","목진석","고근태"
"2008.11.26","박영훈","원성진"
"2008.11.26","강동윤","파오원야오"
"2008.11.25","김진우","김재구"
"2008.11.25","김진훈","유건재"
"2008.11.25","박승문","권효진(여)"
"2008.11.25","백성호","이기섭"
"2008.11.25","김 원","차수권"
"2008.11.25","온소진","백흥수"
"2008.11.25","백대현","김형환"
"2008.11.25","이상훈(小)","심종식"
"2008.11.25","이춘규","김승준"
"2008.11.25","루이나이웨이(국내)","김성룡"
"2008.11.25","최기훈","허장회"
"2008.11.25","안형준","박성수"
"2008.11.25","박승철","노영하"
"2008.11.25","김형우","유병호"
"2008.11.25","박승현","장명한"
"2008.11.25","양 건","고수아"
"2008.11.25","김성래","이강욱"
"2008.11.25","김세동","윤성현"
"2008.11.25","배준희","김윤영"
"2008.11.25","김승재","이봉근"
"2008.11.25","김혜민","김환수"
"2008.11.25","이현욱","김현섭"
"2008.11.25","이희성","황원준"
"2008.11.25","한웅규","한해원"
"2008.11.25","김수장","이상철"
"2008.11.25","조대현","김영환"
"2008.11.25","김주호","최문용"
"2008.11.25","이슬아","고재희"
"2008.11.25","최규병","윤 혁"
"2008.11.25","김세실","박진솔"
"2008.11.25","김일환","천풍조"
"2008.11.25","류동완","배윤진"
"2008.11.25","이영신","정대상"
"2008.11.25","주형욱","김 인"
"2008.11.25","강만우","이정원"
"2008.11.25","강동윤","야마다 기미오"
"2008.11.25","김덕규","임순택"
"2008.11.25","류재형","유재성"
"2008.11.25","김대희","양상국"
"2008.11.25","강지성","권갑용"
"2008.11.25","이현호","조영숙"
"2008.11.25","이태현","김선호"
"2008.11.25","김동희(大)","서능욱"
"2008.11.25","이홍열","윤영민"
"2008.11.25","박지훈(小)","윤기현"
"2008.11.25","진동규","김효정"
"2008.11.25","조연우","박진열"
"2008.11.25","노준환","디아나"
"2008.11.25","오규철","정동식"
"2008.11.25","박소현","박지훈(大)"
"2008.11.25","전영규","한철균"
"2008.11.25","김강근","문명근"
"2008.11.25","유재호","현미진"
"2008.11.25","김은선","이정우"
"2008.11.25","홍성지","김수진"
"2008.11.25","진시영","김동엽"
"2008.11.25","백홍석","김준영"
"2008.11.25","김석흥","김종준"
"2008.11.25","박병규","강승희"
"2008.11.25","유창혁","홍장식"
"2008.11.25","전영규","한철균"
"2008.11.25","김강근","문명근"
"2008.11.25","유재호","현미진"
"2008.11.25","김은선","이정우"
"2008.11.25","홍성지","김수진"
"2008.11.25","진시영","김동엽"
"2008.11.25","백홍석","김준영"
"2008.11.25","김석흥","김종준"
"2008.11.25","박병규","강승희"
"2008.11.25","유창혁","홍장식"
"2008.11.25","박지연","하호정"
"2008.11.25","허영호","조경호"
"2008.11.25","안관욱","하찬석"
"2008.11.25","한종진","박지은"
"2008.11.25","권오민","김수용"
"2008.11.25","홍민표","손근기"
"2008.11.25","이성재","한상훈"
"2008.11.25","김기용","문도원"
"2008.11.25","김종수","이재웅"
"2008.11.25","권형진","박상돈"
"2008.11.25","김광식","이다혜"
"2008.11.25","염정훈","공병주"
"2008.11.25","서봉수","이관철"
"2008.11.25","고근태","윤종섭"
"2008.11.24","박영훈","백홍석"
"2008.11.24","원성진","조대현"
"2008.11.24","강동윤","퉈자시"
"2008.11.24","이세돌","목진석"
"2008.11.23","이세돌","윤성현"
"2008.11.23","강유택","홍민표"
"2008.11.23","김형우","김승재"
"2008.11.23","허영호","최철한"
"2008.11.22","이창호","박승화"
"2008.11.22","조경호","김혜민"
"2008.11.22","안달훈","이호범"
"2008.11.22","조혜연","박정근"
"2008.11.22","류동완","김지석"
"2008.11.22","이세돌","윤준상"
"2008.11.21","이용찬","김만수"
"2008.11.21","이용수","이형로"
"2008.11.21","목진석","장수영"
"2008.11.21","최철한","박정상"
"2008.11.21","김기용","박승화"
"2008.11.21","루이나이웨이(국내)","조혜연"
"2008.11.20","원성진","최철한"
"2008.11.20","김기용","한상훈"
"2008.11.19","황이중","왕시"
"2008.11.19","이세돌","이창호"
"2008.11.18","박정환","권효진(여)"
"2008.11.18","저우루이양","리저"
"2008.11.18","쿵제","야마시타 게이고"
"2008.11.17","강동윤","원성진"
"2008.11.17","김윤영","조연우"
"2008.11.16","류동완","유창혁"
"2008.11.16","한상훈","김승재"
"2008.11.15","이영구","천야오예"
"2008.11.15","쑹룽후이","만나미 가나"
"2008.11.15","이세돌","박정환"
"2008.11.15","최철한","박승화"
"2008.11.15","원성진","홍민표"
"2008.11.14","이춘규","양재호"
"2008.11.14","쑹룽후이","이하진"
"2008.11.14","원성진","이창호"
"2008.11.13","쑹룽후이","가토 게이코"
"2008.11.13","이세돌","목진석"
"2008.11.13","백홍석","강유택"
"2008.11.12","쑹룽후이","이다혜"
"2008.11.12","박정환","윤찬희"
"2008.11.12","웨량","이영구"
"2008.11.12","조혜연","박지연"
"2008.11.11","김지석","이태현"
"2008.11.11","이창호","이세돌"
"2008.11.10","강동윤","이세돌"
"2008.11.09","목진석","이현호"
"2008.11.09","박영훈","조한승"
"2008.11.09","김지석","이성재"
"2008.11.09","윤준상","김대희"
"2008.11.09","박정상","허영호"
"2008.11.08","송태곤","조혜연"
"2008.11.08","조훈현","강유택"
"2008.11.07","서능욱","서봉수"
"2008.11.07","조훈현","김승준"
"2008.11.07","원성진","강동윤"
"2008.11.07","유창혁","김동엽"
"2008.11.07","박정환","백홍석"
"2008.11.07","이세돌","조한승"
"2008.11.06","이영구","파오원야오"
"2008.11.06","김기용","박승화"
"2008.11.06","최원용","한상훈"
"2008.11.06","박지연","이하진"
"2008.11.05","구리","이창호"
"2008.11.05","이세돌","박영훈"
"2008.11.05","김승재","홍성지"
"2008.11.05","목진석","김성룡"
"2008.11.05","최철한","유창혁"
"2008.11.04","김지석","이원도"
"2008.11.04","이민진","이슬아"
"2008.11.04","원성진","조한승"
"2008.11.03","백홍석","조훈현"
"2008.11.03","이창호","야마시타 게이고"
"2008.11.03","목진석","김성룡"
"2008.11.03","박영훈","창하오"
"2008.11.03","이세돌","고노린"
"2008.11.03","구리","김형우"
"2008.11.03","이하진","김민희"
"2008.11.02","온소진","김승준"
"2008.11.02","이춘규","김주호"
"2008.11.02","이원도","홍성지"
"2008.11.01","이영구","조한승"
"2008.11.01","김성룡","최명훈"
"2008.10.31","이창호","원성진"
"2008.10.31","이정우","김수장"
"2008.10.31","박영훈","최철한"
"2008.10.31","목진석","김승재"
"2008.10.30","고근태","홍민표"
"2008.10.30","이세돌","윤찬희"
"2008.10.30","양재호","김주호"
"2008.10.30","장주주(국내)","유재성"
"2008.10.30","강동윤","최명훈"
"2008.10.30","한상훈","박승화"
"2008.10.30","김윤영","박지은"
"2008.10.29","이창호","조한승"
"2008.10.29","김성룡","박정상"
"2008.10.29","박정환","원성진"
"2008.10.29","최철한","진동규"
"2008.10.29","이세돌","안조영"
"2008.10.28","이세돌","조한승"
"2008.10.28","강동윤","강유택"
"2008.10.27","박영훈","안조영"
"2008.10.27","박지은","이지현(여)"
"2008.10.27","김혜민","현미진"
"2008.10.27","이하진","문도원"
"2008.10.27","이다혜","이슬아"
"2008.10.27","박정상","최원용"
"2008.10.27","김승준","윤기현"
"2008.10.26","이영구","류동완"
"2008.10.26","김주호","홍민표"
"2008.10.26","최철한","온소진"
"2008.10.26","이세돌","홍성지"
"2008.10.26","이현호","김승재"
"2008.10.25","강유택","전영규"
"2008.10.24","현미진","박소현"
"2008.10.24","박지은","조연우"
"2008.10.24","이지현(여)","김윤영"
"2008.10.24","김혜민","권효진(여)"
"2008.10.24","문도원","하호정"
"2008.10.24","이하진","배윤진"
"2008.10.24","이다혜","이영신"
"2008.10.24","이슬아","김수진"
"2008.10.24","한상훈","박정근"
"2008.10.24","원성진","고근태"
"2008.10.24","윤찬희","배준희"
"2008.10.24","퉈자시","고노린"
"2008.10.24","이세돌","조훈현"
"2008.10.23","박지은","김은선"
"2008.10.23","이지현(여)","김민희"
"2008.10.23","김윤영","남치형"
"2008.10.23","현미진","이정원"
"2008.10.23","권효진(여)","김세실"
"2008.10.23","김혜민","박지연"
"2008.10.23","문도원","조영숙"
"2008.10.23","하호정","백지희"
"2008.10.23","이하진","윤영민"
"2008.10.23","배윤진","김선미"
"2008.10.23","이다혜","김효정"
"2008.10.23","이영신","윤지희"
"2008.10.23","이슬아","고수아"
"2008.10.23","목진석","박정환"
"2008.10.23","박영훈","박승화"
"2008.10.23","퉈자시","윤준상"
"2008.10.23","박정상","홍성지"
"2008.10.22","퉈자시","야마시타 게이고"
"2008.10.22","이세돌","유창혁"
"2008.10.21","퉈자시","허영호"
"2008.10.21","목진석","강유택"
"2008.10.20","박정상","이세돌"
"2008.10.19","강유택","김기용"
"2008.10.19","김형우","백홍석"
"2008.10.19","김지석","최원용"
"2008.10.18","이태현","김수용"
"2008.10.18","허영호","강동윤"
"2008.10.18","윤준상","김동엽"
"2008.10.17","김승준","김대희"
"2008.10.17","최명훈","이창호"
"2008.10.17","이춘규","조훈현"
"2008.10.17","목진석","이희성"
"2008.10.17","조혜연","박지연"
"2008.10.16","조한승","송태곤"
"2008.10.16","박정상","이원도"
"2008.10.16","강동윤","윤성현"
"2008.10.15","조훈현","최명훈"
"2008.10.15","조연우","김선미"
"2008.10.14","김성룡","김형우"
"2008.10.14","목진석","이창호"
"2008.10.13","강동윤","목진석"
"2008.10.13","윤찬희","홍민표"
"2008.10.13","이춘규","송태곤"
"2008.10.12","강동윤","고근태"
"2008.10.12","김기용","이정우"
"2008.10.12","윤찬희","김동엽"
"2008.10.12","박영훈","최원용"
"2008.10.12","목진석","백홍석"
"2008.10.10","장수영","강 훈(大)"
"2008.10.10","박정상","박정환"
"2008.10.10","원성진","이창호"
"2008.10.10","배준희","송태곤"
"2008.10.10","안조영","김형우"
"2008.10.10","최철한","김수장"
"2008.10.09","박승화","김대희"
"2008.10.09","조훈현","한상훈"
"2008.10.09","이세돌","최철한"
"2008.10.08","김대희","김혜민"
"2008.10.08","원성진","김승재"
"2008.10.07","박지연","이영신"
"2008.10.07","이지현(여)","김혜민"
"2008.10.07","조한승","조훈현"
"2008.10.06","박정환","온소진"
"2008.10.06","강유택","원성진"
"2008.10.03","윤준상","김성룡"
"2008.10.03","김형우","온소진"
"2008.10.09","이세돌","최철한"
"2008.10.08","김대희","김혜민"
"2008.10.08","원성진","김승재"
"2008.10.07","박지연","이영신"
"2008.10.07","이지현(여)","김혜민"
"2008.10.07","조한승","조훈현"
"2008.10.06","박정환","온소진"
"2008.10.06","강유택","원성진"
"2008.10.03","윤준상","김성룡"
"2008.10.03","김형우","온소진"
"2008.10.03","김지석","홍성지"
"2008.10.02","이원도","이세돌"
"2008.10.02","최철한","안조영"
"2008.10.02","김승준","홍민표"
"2008.10.02","최명훈","김수장"
"2008.10.02","조한승","김승재"
"2008.10.02","이영구","강유택"
"2008.10.02","허영호","김주호"
"2008.10.02","이하진","이민진"
"2008.10.02","박정상","고근태"
"2008.10.01","원성진","황원준"
"2008.10.01","윤성현","문명근"
"2008.09.30","강유택","이현호"
"2008.09.30","최철한","김승재"
"2008.09.30","강동윤","박정상"
"2008.09.30","최명훈","이세돌"
"2008.09.28","이원도","김기용"
"2008.09.28","최명훈","이상훈(小)"
"2008.09.28","강동윤","이춘규"
"2008.09.27","백홍석","조한승"
"2008.09.27","최원용","안조영"
"2008.09.26","원성진","이현호"
"2008.09.26","홍성지","유창혁"
"2008.09.26","박승화","김성룡"
"2008.09.26","루이나이웨이(국내)","김윤영"
"2008.09.25","한상훈","이영구"
"2008.09.25","온소진","박정환"
"2008.09.25","최철한","류싱"
"2008.09.25","루이나이웨이(국내)","박지연"
"2008.09.25","김윤영","고수아"
"2008.09.25","이창호","이세돌"
"2008.09.24","박정상","유창혁"
"2008.09.24","루이나이웨이(국내)","이하진"
"2008.09.24","박지연","이지현(여)"
"2008.09.24","고수아","권효진(여)"
"2008.09.24","김윤영","김혜민"
"2008.09.24","목진석","최원용"
"2008.09.24","김승재","이원도"
"2008.09.23","최철한","류싱"
"2008.09.23","이창호","이세돌"
"2008.09.23","이재웅","강유택"
"2008.09.23","김승재","이원도"
"2008.09.23","조한승","홍성지"
"2008.09.22","서능욱","강만우"
"2008.09.22","안조영","하찬석"
"2008.09.22","목진석","윤준상"
"2008.09.21","목진석","송태곤"
"2008.09.21","박영훈","박정상"
"2008.09.21","고근태","이성재"
"2008.09.20","이정우","이창호"
"2008.09.20","조훈현","윤찬희"
"2008.09.19","강유택","홍민표"
"2008.09.19","최철한","조혜연"
"2008.09.19","윤준상","류동완"
"2008.09.18","강유택","손근기"
"2008.09.18","웨량","이원도"
"2008.09.18","김승재","허영호"
"2008.09.18","김지석","이세돌"
"2008.09.18","이민진","이다혜"
"2008.09.17","조한승","유창혁"
"2008.09.17","강동윤","손근기"
"2008.09.17","이세돌","최원용"
"2008.09.17","박정상","최명훈"
"2008.09.16","원성진","박정상"
"2008.09.14","이세돌","박정상"
"2008.09.14","홍민표","조훈현"
"2008.09.14","송태곤","김수장"
"2008.09.13","이창호","류동완"
"2008.09.13","최철한","김대희"
"2008.09.12","박승화","김승준"
"2008.09.12","최명훈","배준희"
"2008.09.12","박정환","안조영"
"2008.09.11","한상훈","이원도"
"2008.09.11","조한승","원성진"
"2008.09.11","유재성","전영규"
"2008.09.11","양재호","박지훈(小)"
"2008.09.11","이세돌","박정상"
"2008.09.10","최명훈","이재웅"
"2008.09.10","윤찬희","한상훈"
"2008.09.10","이현호","홍성지"
"2008.09.10","루이나이웨이(국내)","김수진"
"2008.09.10","고근태","김기용"
"2008.09.09","조한승","김성룡"
"2008.09.09","김승준","양재호"
"2008.09.09","원성진","김영환"
"2008.09.09","최철한","윤현석"
"2008.09.09","유창혁","이상훈(大)"
"2008.09.09","윤성현","최명훈"
"2008.09.09","안조영","루이나이웨이(국내)"
"2008.09.09","박정상","장주주(국내)"
"2008.09.09","장수영","허장회"
"2008.09.09","하찬석","노영하"
"2008.09.09","서능욱","김동엽"
"2008.09.09","황원준","유병호"
"2008.09.09","문명근","정대상"
"2008.09.09","김수장","홍종현"
"2008.09.09","강 훈(大)","오규철"
"2008.09.09","윤기현","김일환"
"2008.09.09","강만우","김 인"
"2008.09.09","조한승","송태곤"
"2008.09.09","박정상","박지은"
"2008.09.09","노영하","정수현"
"2008.09.09","김동엽","이홍열"
"2008.09.09","문명근","백성호"
"2008.09.09","강 훈(大)","양상국"
"2008.09.09","김일환","최규병"
"2008.09.09","이창호","조훈현"
"2008.09.09","박정환","이원도"
"2008.09.08","박정환","이용찬"
"2008.09.08","홍민표","박승화"
"2008.09.08","조혜연","배윤진"
"2008.09.08","원성진","이세돌"
"2008.09.07","김기용","김주호"
"2008.09.07","백홍석","온소진"
"2008.09.07","홍성지","이상훈(小)"
"2008.09.06","강동윤","이영구"
"2008.09.06","김성룡","최원용"
"2008.09.05","김승재","강유택"
"2008.09.05","이원도","이재웅"
"2008.09.05","황이중","딩웨이"
"2008.09.05","이창호","조한승"
"2008.09.05","리저","진시영"
"2008.09.05","저우루이양","이영구"
"2008.09.05","왕시","천야오예"
"2008.09.05","야마시타 게이고","저우허양"
"2008.09.05","쿵제","다카오 신지"
"2008.09.05","이세돌","장리"
"2008.09.04","김주호","김승준"
"2008.09.04","진동규","최문용"
"2008.09.04","김성룡","안달훈"
"2008.09.03","쿵제","박영훈"
"2008.09.03","이세돌","스웨"
"2008.09.03","딩웨이","목진석"
"2008.09.03","황이중","홍성지"
"2008.09.03","이영구","창하오"
"2008.09.03","진시영","구리"
"2008.09.03","이창호","정옌"
"2008.09.03","천야오예","조훈현"
"2008.09.03","왕시","박정상"
"2008.09.03","조한승","리캉"
"2008.09.03","저우허양","유창혁"
"2008.09.03","장리","고바야시 고이치"
"2008.09.03","다카오 신지","루이나이웨이(국내)"
"2008.09.03","야마시타 게이고","셰허"
"2008.09.03","리저","박정환"
"2008.09.03","저우루이양","윤준상"
"2008.09.02","강동윤","최원용"
"2008.09.01","강유택","이정우"
"2008.09.01","김지석","박정근"
"2008.09.01","허영호","박영훈"
"2008.09.01","윤준상","목진석"
"2008.09.01","고근태","조혜연"
"2008.08.30","한상훈","조경호"
"2008.08.29","강유택","주형욱"
"2008.08.29","이원도","박승화"
"2008.08.29","파오원야오","셰허"
"2008.08.29","구리","장쉬"
"2008.08.28","장주주(국내)","고수아"
"2008.08.28","송태곤","배준희"
"2008.08.27","최철한","박승철"
"2008.08.27","웨량","이태현"
"2008.08.27","파오원야오","목진석"
"2008.08.27","장쉬","류싱"
"2008.08.27","구리","조한승"
"2008.08.27","셰허","이세돌"
"2008.08.26","김수용","김지석"
"2008.08.26","이희성","최기훈"
"2008.08.26","원성진","최명훈"
"2008.08.25","셰허","박정상"
"2008.08.25","목진석","저우쥔쉰"
"2008.08.25","장쉬","샤샤(자국)"
"2008.08.25","조한승","다카오 신지"
"2008.08.25","류싱","한상훈"
"2008.08.25","파오원야오","이창호"
"2008.08.25","이세돌","이마무라 도시야"
"2008.08.25","구리","박영훈"
"2008.08.23","구리","히코사카 나오토"
"2008.08.23","박영훈","김수준"
"2008.08.23","다카오 신지","양스하이"
"2008.08.23","이창호","페르난도 아길라"
"2008.08.23","셰허","일리야 식신(아마)"
"2008.08.23","이마무라 도시야","CRISTIAN POP(아마)"
"2008.08.23","장쉬","장밍주"
"2008.08.23","이세돌","고노린"
"2008.08.23","저우쥔쉰","요다 노리모토"
"2008.08.23","목진석","하네 나오키"
"2008.08.23","한상훈","야마다 기미오"
"2008.08.23","박정상","창하오"
"2008.08.23","류싱","홍성지"
"2008.08.23","조한승","야마시타 게이고"
"2008.08.23","샤샤(자국)","리지에(아마)"
"2008.08.23","파오원야오","오가타 마사키"
"2008.08.22","김승재","진동규"
"2008.08.22","김승재","박정환"
"2008.08.22","김승재","조경호"
"2008.08.21","이춘규","이현호"
"2008.08.21","최원용","백성호"
"2008.08.21","김대희","박승화"
"2008.08.20","강유택","정대상"
"2008.08.20","이세돌","윤 혁"
"2008.08.19","조훈현","강동윤"
"2008.08.19","목진석","최명훈"
"2008.08.19","김형우","유창혁"
"2008.08.18","이창호","백홍석"
"2008.08.18","김승재","유재호"
"2008.08.18","홍성지","최철한"
"2008.08.17","강유택","유창혁"
"2008.08.17","김지석","한상훈"
"2008.08.17","허영호","박정환"
"2008.08.16","박승화","윤준상"
"2008.08.16","원성진","김형우"
"2008.08.15","김기용","류동완"
"2008.08.15","최철한","백홍석"
"2008.08.15","강동윤","김수장"
"2008.08.14","김동엽","홍민표"
"2008.08.14","원성진","김 원"
"2008.08.14","안조영","김주호"
"2008.08.14","이세돌","최원용"
"2008.08.14","이원도","진시영"
"2008.08.13","박정상","류동완"
"2008.08.13","손근기","서봉수"
"2008.08.12","이하진","현미진"
"2008.08.12","조한승","목진석"
"2008.08.12","강유택","김주호"
"2008.08.12","김형우","이영구"
"2008.08.10","이영구","조훈현"
"2008.08.10","이창호","이현호"
"2008.08.10","송태곤","온소진"
"2008.08.10","홍성지","김대희"
"2008.08.10","박정상","김주호"
"2008.08.08","박정근","이춘규"
"2008.08.08","안조영","고근태"
"2008.08.08","조한승","윤찬희"
"2008.08.08","김승재","김지석"
"2008.08.08","원성진","박정상"
"2008.08.08","김지석","이원도"
"2008.08.07","박영훈","최명훈"
"2008.08.07","목진석","김승준"
"2008.08.06","박정상","박영훈"
"2008.08.05","이창호","목진석"
"2008.08.05","원성진","조한승"
"2008.08.04","이원도","이태현"
"2008.08.04","이원도","김기용"
"2008.08.04","이창호","목진석"
"2008.08.03","홍민표","원성진"
"2008.08.03","한상훈","이세돌"
"2008.08.03","류동완","배준희"
"2008.08.02","루이나이웨이(국내)","김혜민"
"2008.08.02","정옌","박지은"
"2008.08.02","스웨","둥옌"
"2008.08.02","셰허","홍민표"
"2008.08.02","왕시","염정훈"
"2008.08.02","쿵제","이희성"
"2008.08.02","천야오예","사오웨이강"
"2008.08.02","박정환","김승재"
"2008.08.02","홍성지","구링이"
"2008.08.02","딩웨이","박승철"
"2008.08.02","장리","최명훈"
"2008.08.02","윤준상","펑리야오"
"2008.08.02","이영구","송태곤"
"2008.08.02","저우허양","김영삼"
"2008.08.02","진시영","박승화"
"2008.08.02","리캉","주형욱"
"2008.08.02","박정환","김승재"
"2008.08.02","최철한","유창혁"
"2008.08.01","송태곤","이상훈(小)"
"2008.08.01","이창호","김기용"
"2008.08.01","최원용","박정상"
"2008.08.01","김혜민","권효진(여)"
"2008.08.01","루이나이웨이(국내)","박지연"
"2008.08.01","정옌","리허"
"2008.08.01","박지은","김세실"
"2008.08.01","둥옌","이용수"
"2008.08.01","스웨","아키야마 지로"
"2008.08.01","셰허","김강근"
"2008.08.01","홍민표","장주주(국내)"
"2008.08.01","염정훈","양이"
"2008.08.01","왕시","웨량"
"2008.08.01","쿵제","원성진"
"2008.08.01","이희성","뤄시허"
"2008.08.01","천야오예","백성호"
"2008.08.01","사오웨이강","한웅규"
"2008.08.01","박정환","김동엽"
"2008.08.01","김승재","이현호"
"2008.08.01","홍성지","린한제"
"2008.08.01","구링이","후야오위"
"2008.08.01","딩웨이","김기용"
"2008.08.01","박승철","최원용"
"2008.08.01","장리","이재웅"
"2008.08.01","최명훈","손근기"
"2008.08.01","윤준상","김형우"
"2008.08.01","펑리야오","이태현"
"2008.08.01","이영구","왕야오"
"2008.08.01","송태곤","장웨이"
"2008.08.01","저우허양","강지성"
"2008.08.01","김영삼","마루롱"
"2008.08.01","진시영","이용찬"
"2008.08.01","박승화","백홍석"
"2008.08.01","주형욱","퉈자시"
"2008.08.01","리캉","양 건"
"2008.07.31","백홍석","조훈현"
"2008.07.31","강동윤","이성재"
"2008.07.31","김혜민","문도원"
"2008.07.31","권효진(여)","판웨이징"
"2008.07.31","루이나이웨이(국내)","조혜연"
"2008.07.31","박지연","무카이 가오리"
"2008.07.31","리허","왕징이"
"2008.07.31","정옌","김윤영"
"2008.07.31","김세실","하호정"
"2008.07.31","박지은","박소현"
"2008.07.31","이용수","저우쥔쉰"
"2008.07.31","둥옌","파오원야오"
"2008.07.31","아키야마 지로","백대현"
"2008.07.31","스웨","이정우"
"2008.07.31","셰허","김승준"
"2008.07.31","김강근","김종준"
"2008.07.31","홍민표","황이주"
"2008.07.31","장주주(국내)","구보 히데오"
"2008.07.31","양이","강창배(아마)"
"2008.07.31","염정훈","김대희"
"2008.07.31","웨량","김 원"
"2008.07.31","왕시","유재호"
"2008.07.31","쿵제","함영우(아마)"
"2008.07.31","원성진","박진솔"
"2008.07.31","뤄시허","왕샹제"
"2008.07.31","이희성","나카네 나오유키"
"2008.07.31","백성호","임순택"
"2008.07.31","천야오예","최철한"
"2008.07.31","사오웨이강","안형준"
"2008.07.31","한웅규","양재호"
"2008.07.31","김동엽","서중휘"
"2008.07.31","박정환","웨이쯔샹"
"2008.07.31","이현호","샤오정하오"
"2008.07.31","김승재","이원도"
"2008.07.31","린한제","김동면"
"2008.07.31","홍성지","안관욱"
"2008.07.31","구링이","장명한"
"2008.07.31","후야오위","왕타오"
"2008.07.31","김기용","장쉐빈"
"2008.07.31","딩웨이","이현욱"
"2008.07.31","최원용","김종수"
"2008.07.31","박승철","전영규"
"2008.07.31","장리","윤 혁"
"2008.07.31","손근기","미타니 데츠야"
"2008.07.31","최명훈","왕레이(雷)"
"2008.07.31","김형우","중원징"
"2008.07.31","윤준상","박승문"
"2008.07.31","이태현","린즈한"
"2008.07.31","펑리야오","추쥔"
"2008.07.31","이영구","왕위후이"
"2008.07.31","왕야오","김수장"
"2008.07.31","송태곤","옥득진"
"2008.07.31","장웨이","김준영"
"2008.07.31","저우허양","이강욱"
"2008.07.31","강지성","위정치"
"2008.07.31","김영삼","오야 고이치"
"2008.07.31","마루롱","홍장식"
"2008.07.31","진시영","김진훈"
"2008.07.31","이용찬","쑤야오궈"
"2008.07.31","백홍석","강유택"
"2008.07.31","왕야오","김수장"
"2008.07.31","송태곤","옥득진"
"2008.07.31","장웨이","김준영"
"2008.07.31","저우허양","이강욱"
"2008.07.31","강지성","위정치"
"2008.07.31","김영삼","오야 고이치"
"2008.07.31","마루롱","홍장식"
"2008.07.31","진시영","김진훈"
"2008.07.31","이용찬","쑤야오궈"
"2008.07.31","백홍석","강유택"
"2008.07.31","박승화","이상훈(小)"
"2008.07.31","퉈자시","유병용(아마)"
"2008.07.31","주형욱","강만우"
"2008.07.31","양 건","온소진"
"2008.07.31","리캉","박병규"
"2008.07.30","김혜민","오쿠다 아야"
"2008.07.30","문도원","차오요우인"
"2008.07.30","판웨이징","고수아"
"2008.07.30","권효진(여)","다무라 치아키"
"2008.07.30","루이나이웨이(국내)","윤지희"
"2008.07.30","박지연","김은선"
"2008.07.30","무카이 가오리","황 염"
"2008.07.30","왕징이","디아나"
"2008.07.30","김윤영","이하진"
"2008.07.30","정옌","현미진"
"2008.07.30","김세실","이영신"
"2008.07.30","박지은","셰이민"
"2008.07.30","저우쥔쉰","오하시 히로후미"
"2008.07.30","둥옌","박지훈(小)"
"2008.07.30","파오원야오","안조영"
"2008.07.30","백대현","후지이 슈야"
"2008.07.30","아키야마 지로","노준환"
"2008.07.30","스웨","박영찬"
"2008.07.30","이정우","정대상"
"2008.07.30","셰허","한종진"
"2008.07.30","김종준","샤다밍"
"2008.07.30","김강근","딩례"
"2008.07.30","황이주","이성재"
"2008.07.30","구보 히데오","이상철"
"2008.07.30","장주주(국내)","시다 다쓰야"
"2008.07.30","양이","최규병"
"2008.07.30","강창배(아마)","조경호"
"2008.07.30","김대희","류재형"
"2008.07.30","김 원","양멍윈"
"2008.07.30","왕시","이관철"
"2008.07.30","유재호","미쓰나가 준조"
"2008.07.30","쿵제","최기훈"
"2008.07.30","함영우(아마)","하타나카 호시노부"
"2008.07.30","박진솔","슈토 슌"
"2008.07.30","뤄시허","김성룡"
"2008.07.30","왕샹제","김기헌"
"2008.07.30","나카네 나오유키","하찬석"
"2008.07.30","이희성","류동완"
"2008.07.30","임순택","백흥수"
"2008.07.30","백성호","정찬호(아마)"
"2008.07.30","천야오예","진동규"
"2008.07.30","사오웨이강","이토 마사시"
"2008.07.30","한웅규","린수양"
"2008.07.30","서중휘","류징"
"2008.07.30","웨이쯔샹","심종식"
"2008.07.30","박정환","저우핑창"
"2008.07.30","샤오정하오","김형환"
"2008.07.30","이현호","왕레이"
"2008.07.30","이원도","판산치"
"2008.07.30","이재웅","문명근"
"2008.07.29","이창호","강동윤"
"2008.07.29","리허","쑹룽후이"
"2008.07.29","하호정","이슬아"
"2008.07.29","이희성","김찬우"
"2008.07.29","김승재","황진형(아마)"
"2008.07.29","린한제","김일환"
"2008.07.29","홍성지","이봉근"
"2008.07.29","구링이","천스위안(국내)"
"2008.07.29","후야오위","이상훈(大)"
"2008.07.29","왕타오","김수준"
"2008.07.29","장쉐빈","다마이 신"
"2008.07.29","김기용","홍종현"
"2008.07.29","이현욱","린리샹"
"2008.07.29","딩웨이","김영환"
"2008.07.29","최원용","장리요우"
"2008.07.29","장리","허영호"
"2008.07.29","문명근","류야오원"
"2008.07.29","손근기","나카노 히로나리"
"2008.07.29","미타니 데츠야","고재희"
"2008.07.29","왕레이(雷)","류싱"
"2008.07.29","중원징","마쓰모토 다케히사"
"2008.07.29","김형우","하영일"
"2008.07.29","린즈한","권오민"
"2008.07.29","펑리야오","장두진"
"2008.07.29","추쥔","윤찬희"
"2008.07.29","왕위후이","나카무라 신야"
"2008.07.29","왕야오","박성수"
"2008.07.29","송태곤","쓰루야마 아쓰시"
"2008.07.29","장웨이","허장회"
"2008.07.29","저우허양","스즈키 케이지"
"2008.07.29","위정치","리밍"
"2008.07.29","강지성","주위안하오"
"2008.07.29","오야 고이치","자오페이저"
"2008.07.29","마루롱","김광식"
"2008.07.29","진시영","위빈"
"2008.07.29","김진훈","황샹런"
"2008.07.29","쑤야오궈","윤현석"
"2008.07.29","박승화","뉴위톈"
"2008.07.29","유병용(아마)","세토 다이키"
"2008.07.29","퉈자시","쩌우쥔제"
"2008.07.29","온소진","조선진"
"2008.07.29","리캉","박정근"
"2008.07.29","박병규","랴오관훙"
"2008.07.29","이세돌","김승준"
"2008.07.28","목진석","한종진"
"2008.07.28","판산치","구와모토 신페이"
"2008.07.28","오쿠다 아야","김효정"
"2008.07.28","김혜민","야시로 구미코"
"2008.07.28","차오요우인","이정원"
"2008.07.28","판웨이징","이지현(여)"
"2008.07.28","윤지희","오사와 나루미"
"2008.07.28","박지연","탕이"
"2008.07.28","무카이 가오리","한해원"
"2008.07.28","왕징이","남치형"
"2008.07.28","리허","김민희"
"2008.07.28","이하진","김현정"
"2008.07.28","정옌","김수진"
"2008.07.28","이슬아","조치엔"
"2008.07.28","하호정","차이비한"
"2008.07.28","이영신","왕샹윈"
"2008.07.28","파오원야오","강동윤"
"2008.07.28","아키야마 지로","이기섭"
"2008.07.28","이정우","천이샹"
"2008.07.28","딩례","김석흥"
"2008.07.28","황이주","류스전"
"2008.07.28","이하진","김현정"
"2008.07.28","정옌","김수진"
"2008.07.28","이슬아","조치엔"
"2008.07.28","하호정","차이비한"
"2008.07.28","이영신","왕샹윈"
"2008.07.28","파오원야오","강동윤"
"2008.07.28","아키야마 지로","이기섭"
"2008.07.28","이정우","천이샹"
"2008.07.28","딩례","김석흥"
"2008.07.28","황이주","류스전"
"2008.07.28","장주주(국내)","서능욱"
"2008.07.28","조경호","고노린"
"2008.07.28","류재형","치리허"
"2008.07.28","하타나카 호시노부","장저하오"
"2008.07.28","슈토 슌","탄샤오"
"2008.07.28","정찬호(아마)","가나자와 히데오"
"2008.07.28","진동규","천보야"
"2008.07.28","한웅규","안자이 노부아키"
"2008.07.28","서중휘","우치다 슈헤이"
"2008.07.28","박정환","안영길"
"2008.07.28","홍성지","다지리 유토"
"2008.07.28","딩웨이","펑취안"
"2008.07.28","왕타오","김 인"
"2008.07.28","왕레이(雷)","오다 뎃페이"
"2008.07.28","장리","린슈핑"
"2008.07.28","하영일","배준희"
"2008.07.28","추쥔","오바 준야"
"2008.07.28","나카무라 신야","윤성현"
"2008.07.28","왕야오","왕위안쥔"
"2008.07.28","장웨이","김덕규"
"2008.07.28","저우허양","모치즈키 겐이치"
"2008.07.28","주위안하오","최문용"
"2008.07.28","쑤야오궈","항톈펑"
"2008.07.28","뉴위톈","사카모토 야수오"
"2008.07.28","퉈자시","이춘규"
"2008.07.28","박병규","야마다 신지"
"2008.07.27","김동엽","김재구"
"2008.07.27","이춘규","허영호"
"2008.07.27","윤준상","조한승"
"2008.07.27","최명훈","김지석"
"2008.07.27","홍성지","이세돌"
"2008.07.26","강유택","이원도"
"2008.07.26","김형우","안조영"
"2008.07.26","이세돌","홍성지"
"2008.07.25","이영구","이정우"
"2008.07.25","고근태","이현호"
"2008.07.25","윤찬희","온소진"
"2008.07.25","강동윤","이창호"
"2008.07.25","조혜연","조영숙"
"2008.07.25","박소현","이민진"
"2008.07.25","박지은","이다혜"
"2008.07.25","이용수","박진열"
"2008.07.25","김승준","정동식"
"2008.07.25","홍민표","황원준"
"2008.07.25","염정훈","김철중"
"2008.07.25","웨량","김지석"
"2008.07.25","원성진","권갑용"
"2008.07.25","안형준","유건재"
"2008.07.25","양재호","김선호"
"2008.07.25","김동면","고근태"
"2008.07.25","안관욱","유병호"
"2008.07.25","장명한","한철균"
"2008.07.25","김종수","조대현"
"2008.07.25","전영규","윤재웅"
"2008.07.25","박승철","정수현"
"2008.07.25","윤 혁","박지훈(大)"
"2008.07.25","이재웅","윤종섭"
"2008.07.25","최명훈","김학수(大)"
"2008.07.25","윤준상","홍기표"
"2008.07.25","박승문","차민수"
"2008.07.25","이영구","서무상"
"2008.07.25","김수장","김만수"
"2008.07.25","옥득진","나종훈"
"2008.07.25","김준영","양상국"
"2008.07.25","이강욱","박종열"
"2008.07.25","김영삼","유재성"
"2008.07.25","홍장식","한상훈"
"2008.07.25","이용찬","김현섭"
"2008.07.25","백홍석","하성봉(아마)"
"2008.07.25","이상훈(小)","이홍열"
"2008.07.25","강만우","김수용"
"2008.07.25","주형욱","서봉수"
"2008.07.25","양 건","강 훈(大)"
"2008.07.25","김기용","강유택"
"2008.07.25","강유택","손근기"
"2008.07.25","조한승","김승재"
"2008.07.24","목진석","김주호"
"2008.07.24","홍성지","박영훈"
"2008.07.24","박소현","최동은"
"2008.07.24","최철한","윤기현"
"2008.07.24","이태현","장수영"
"2008.07.24","권효진(여)","윤영민"
"2008.07.24","디아나","김태향"
"2008.07.24","이용수","노영하"
"2008.07.24","김승준","권형진"
"2008.07.24","유재호","차수권"
"2008.07.24","고근태","권경언"
"2008.07.24","김기용","천풍조"
"2008.07.24","박승철","김성래"
"2008.07.24","이재웅","김주호"
"2008.07.24","박승문","오규철"
"2008.07.24","홍장식","이형로"
"2008.07.24","김진훈","공병주"
"2008.07.24","주형욱","박상돈"
"2008.07.23","강유택","최창원"
"2008.07.23","조혜연","배윤진"
"2008.07.23","윤성현","홍민표"
"2008.07.23","한상훈","이영구"
"2008.07.23","홍성지","강동윤"
"2008.07.22","강동윤","윤 혁"
"2008.07.22","이창호","박정상"
"2008.07.22","한상훈","김형우"
"2008.07.22","박정환","김수용"
"2008.07.21","목진석","한상훈"
"2008.07.21","강동윤","최철한"
"2008.07.21","홍성지","원성진"
"2008.07.21","이영구","백홍석"
"2008.07.21","허영호","김지석"
"2008.07.20","홍성지","이세돌"
"2008.07.18","이창호","이용찬"
"2008.07.18","김지석","주형욱"
"2008.07.18","윤준상","목진석"
"2008.07.18","이세돌","최원용"
"2008.07.18","강유택","최기훈"
"2008.07.18","강유택","한상훈"
"2008.07.17","김지석","김대희"
"2008.07.17","이창호","진동규"
"2008.07.17","이세돌","이희성"
"2008.07.17","윤준상","조훈현"
"2008.07.17","허영호","염정훈"
"2008.07.17","강동윤","한상훈"
"2008.07.17","김승준","홍민표"
"2008.07.17","최원용","박승철"
"2008.07.17","목진석","이영구"
"2008.07.16","목진석","윤성현"
"2008.07.16","이영구","고근태"
"2008.07.16","조훈현","김종수"
"2008.07.16","윤준상","박지은"
"2008.07.16","김대희","최기훈"
"2008.07.16","허영호","양재호"
"2008.07.16","염정훈","홍성지"
"2008.07.16","주형욱","김성룡"
"2008.07.16","이창호","이용수"
"2008.07.16","강동윤","한웅규"
"2008.07.16","한상훈","유창혁"
"2008.07.16","최원용","권형진"
"2008.07.16","이세돌","윤재웅"
"2008.07.16","이용찬","이춘규"
"2008.07.16","홍민표","원성진"
"2008.07.16","김승준","옥득진"
"2008.07.15","이창호","김일환"
"2008.07.15","한웅규","서무상"
"2008.07.15","김대희","강 훈(大)"
"2008.07.15","윤성현","김수진"
"2008.07.15","목진석","진시영"
"2008.07.15","고근태","박정환"
"2008.07.15","이영구","박지훈(小)"
"2008.07.15","김종수","현미진"
"2008.07.15","조훈현","김진우"
"2008.07.15","박지은","서중휘"
"2008.07.15","윤준상","홍기표"
"2008.07.15","양재호","최명훈"
"2008.07.15","허영호","윤현석"
"2008.07.15","염정훈","김혜민"
"2008.07.15","홍성지","김영삼"
"2008.07.15","김성룡","박승화"
"2008.07.15","주형욱","김석흥"
"2008.07.15","김지석","김은선"
"2008.07.15","강동윤","이원도"
"2008.07.15","유창혁","양 건"
"2008.07.15","한상훈","박병규"
"2008.07.15","이춘규","권효진(여)"
"2008.07.15","이용찬","김기용"
"2008.07.15","진동규","이정우"
"2008.07.15","박승철","온소진"
"2008.07.15","이희성","김수용"
"2008.07.15","홍민표","백성호"
"2008.07.15","원성진","한종진"
"2008.07.15","옥득진","김형환"
"2008.07.15","김승준","차민수"
"2008.07.15","이세돌","최원용"
"2008.07.14","한종진","이상훈(小)"
"2008.07.14","고근태","강유택"
"2008.07.14","윤성현","전영규"
"2008.07.14","김수진","김성래"
"2008.07.14","목진석","이다혜"
"2008.07.14","박정환","유재호"
"2008.07.14","이영구","이상훈(大)"
"2008.07.14","박지훈(小)","이슬아"
"2008.07.14","김종수","장두진"
"2008.07.14","현미진","류동완"
"2008.07.14","조훈현","김영환"
"2008.07.14","김진우","이민진"
"2008.07.14","박지은","하찬석"
"2008.07.14","서중휘","최문용"
"2008.07.14","홍기표","배준희"
"2008.07.14","최명훈","김덕규"
"2008.07.14","양재호","김 원"
"2008.07.14","윤현석","최동은"
"2008.07.14","염정훈","노영하"
"2008.07.14","김혜민","장수영"
"2008.07.14","홍성지","윤기현"
"2008.07.14","김영삼","이현호"
"2008.07.14","김성룡","차수권"
"2008.07.14","박승화","박영훈"
"2008.07.14","김석흥","문명근"
"2008.07.14","주형욱","이재웅"
"2008.07.14","최기훈","최철한"
"2008.07.14","김은선","김현섭"
"2008.07.13","허영호","김대희"
"2008.07.13","윤준상","박정상"
"2008.07.13","송태곤","김지석"
"2008.07.13","김형우","이창호"
"2008.07.13","강유택","조훈현"
"2008.07.11","김지석","이강욱"
"2008.07.11","진시영","양상국"
"2008.07.11","윤준상","하호정"
"2008.07.11","허영호","박정근"
"2008.07.11","서무상","김민희"
"2008.07.11","한웅규","김학수(大)"
"2008.07.11","이원도","권오민"
"2008.07.11","강동윤","이현욱"
"2008.07.11","양 건","공병주"
"2008.07.11","유창혁","최규병"
"2008.07.11","박병규","조혜연"
"2008.07.11","한상훈","홍종현"
"2008.07.11","이춘규","이성재"
"2008.07.11","권효진(여)","장명한"
"2008.07.11","김기용","윤 혁"
"2008.07.11","이용찬","안관욱"
"2008.07.11","진동규","노준환"
"2008.07.11","이정우","임순택"
"2008.07.11","이창호","김주호"
"2008.07.11","이용수","천풍조"
"2008.07.11","권형진","박진솔"
"2008.07.11","최원용","허장회"
"2008.07.11","박승철","안조영"
"2008.07.11","온소진","이기섭"
"2008.07.11","이희성","이형로"
"2008.07.11","김수용","유병호"
"2008.07.11","윤재웅","권갑용"
"2008.07.11","이세돌","이태현"
"2008.07.11","홍민표","김동엽"
"2008.07.11","백성호","정동식"
"2008.07.11","원성진","이상훈(小)"
"2008.07.11","한종진","나종훈"
"2008.07.11","옥득진","이지현(여)"
"2008.07.11","김형환","손근기"
"2008.07.11","김승준","고재희"
"2008.07.11","차민수","김종준"
"2008.07.11","박정환","최원용"
"2008.07.11","한상훈","강동윤"
"2008.07.11","박승화","김동엽"
"2008.07.11","강유택","박승화"
"2008.07.11","박승화","김혜민"
"2008.07.10","백홍석","원성진"
"2008.07.10","유창혁","김기용"
"2008.07.10","윤성현","박영찬"
"2008.07.10","전영규","백대현"
"2008.07.10","진시영","김선호"
"2008.07.10","목진석","조경호"
"2008.07.10","박정환","윤찬희"
"2008.07.10","고근태","서봉수"
"2008.07.10","이영구","배윤진"
"2008.07.10","박지훈(小)","김기헌"
"2008.07.10","김종수","박진열"
"2008.07.10","장두진","남치형"
"2008.07.10","류동완","김승재"
"2008.07.10","김영환","박소현"
"2008.07.10","김진우","박지훈(大)"
"2008.07.10","서중휘","최창원"
"2008.07.10","배준희","고수아"
"2008.07.10","최명훈","조대현"
"2008.07.10","김덕규","이봉근"
"2008.07.10","양재호","이홍열"
"2008.07.10","박정근","김선미"
"2008.07.10","윤현석","박정상"
"2008.07.10","염정훈","김만수"
"2008.07.10","장수영","윤종섭"
"2008.07.10","홍성지","박승문"
"2008.07.10","김영삼","김강근"
"2008.07.10","차수권","권경언"
"2008.07.10","김성룡","윤지희"
"2008.07.10","박승화","강만우"
"2008.07.10","문명근","서능욱"
"2008.07.10","이재웅","김수장"
"2008.07.10","김대희","김 인"
"2008.07.10","최기훈","박종열"
"2008.07.10","김은선","유재성"
"2008.07.10","이강욱","정수현"
"2008.07.10","유창혁","송태곤"
"2008.07.10","김기용","박지연"
"2008.07.10","이정우","박상돈"
"2008.07.10","이세돌","김효정"
"2008.07.10","이원도","권효진(여)"
"2008.07.09","배준희","박정환"
"2008.07.09","조훈현","최기훈"
"2008.07.09","이세돌","박정상"
"2008.07.09","홍성지","이영구"
"2008.07.09","윤준상","김일환"
"2008.07.09","서무상","김동면"
"2008.07.09","김민희","심종식"
"2008.07.09","한웅규","이영신"
"2008.07.09","권오민","오규철"
"2008.07.09","강동윤","김광식"
"2008.07.09","공병주","조영숙"
"2008.07.09","박병규","김진훈"
"2008.07.09","한상훈","문도원"
"2008.07.09","이성재","안형준"
"2008.07.09","이춘규","김형우"
"2008.07.09","안관욱","이관철"
"2008.07.09","노준환","김재구"
"2008.07.09","이창호","김윤영"
"2008.07.09","천풍조","유건재"
"2008.07.09","박진솔","홍장식"
"2008.07.09","권형진","박성수"
"2008.07.09","최원용","류재형"
"2008.07.09","박승철","한철균"
"2008.07.09","이기섭","백흥수"
"2008.07.09","이희성","강지성"
"2008.07.09","김수용","윤영민"
"2008.07.09","윤재웅","김세실"
"2008.07.09","홍민표","김준영"
"2008.07.09","백성호","한해원"
"2008.07.09","원성진","황원준"
"2008.07.09","한종진","이상철"
"2008.07.09","옥득진","백홍석"
"2008.07.09","김형환","김태향"
"2008.07.09","김승준","김철중"
"2008.07.09","차민수","이정원"
"2008.07.09","양재호","박지은"
"2008.07.08","권효진(여)","정대상"
"2008.07.08","전영규","김승재"
"2008.07.08","원성진","목진석"
"2008.07.07","창하오","류싱"
"2008.07.07","구리","이창호"
"2008.07.07","박지은","조한승"
"2008.07.06","이춘규","홍성지"
"2008.07.06","조한승","김주호"
"2008.07.06","최명훈","이영구"
"2008.07.05","이영구","후야오위"
"2008.07.05","김성래","백지희"
"2008.07.05","구리","창하오"
"2008.07.05","이창호","류싱"
"2008.07.05","온소진","이원도"
"2008.07.05","안조영","이현호"
"2008.07.04","최철한","목진석"
"2008.07.04","고근태","김승재"
"2008.07.04","홍민표","박영훈"
"2008.07.04","조한승","유창혁"
"2008.07.03","이세돌","이정우"
"2008.07.03","류동완","윤찬희"
"2008.07.03","조혜연","이다혜"
"2008.07.03","박지은","서봉수"
"2008.07.02","이세돌","유창혁"
"2008.07.02","홍성지","이창호"
"2008.07.02","박지연","이하진"
"2008.07.02","박정상","오규철"
"2008.07.02","오규철","김기헌"
"2008.07.02","박승화","장수영"
"2008.07.02","박승화","김철중"
"2008.07.02","박지은","조대현"
"2008.07.01","이세돌","박정상"
"2008.07.01","김주호","유재호"
"2008.07.01","이춘규","염정훈"
"2008.07.01","유재성","이현욱"
"2008.07.01","서봉수","강 훈(大)"
"2008.07.01","윤 혁","류재형"
"2008.07.01","최문용","옥득진"
"2008.07.01","최원용","김종수"
"2008.07.01","박지훈(小)","정수현"
"2008.07.01","전영규","김찬우"
"2008.07.01","박승철","이용수"
"2008.07.01","김 원","박병규"
"2008.07.01","이재웅","김대희"
"2008.07.01","송태곤","하호정"
"2008.07.01","이태현","이강욱"
"2008.07.01","양재호","루이나이웨이(국내)"
"2008.07.01","정대상","안관욱"
"2008.07.01","최철한","안형준"
"2008.07.01","이용찬","안달훈"
"2008.07.01","백성호","이형로"
"2008.07.01","손근기","윤현석"
"2008.07.01","김대희","김덕규"
"2008.07.01","이재웅","최기훈"
"2008.07.01","송태곤","김성룡"
"2008.07.01","하호정","황원준"
"2008.07.01","이강욱","노준환"
"2008.07.01","이태현","서능욱"
"2008.07.01","양재호","이상훈(大)"
"2008.07.01","루이나이웨이(국내)","이희성"
"2008.07.01","안관욱","양상국"
"2008.07.01","정대상","정동식"
"2008.07.01","안형준","홍성지"
"2008.07.01","최철한","홍기표"
"2008.07.01","안달훈","한철균"
"2008.07.01","이용찬","김일환"
"2008.07.01","이형로","윤종섭"
"2008.07.01","백성호","공병주"
"2008.07.01","윤현석","김혜민"
"2008.07.01","배준희","윤성현"
"2008.07.01","장주주(국내)","한해원"
"2008.07.01","박병규","유병호"
"2008.07.01","배준희","한종진"
"2008.07.01","유재호","윤준상"
"2008.07.01","염정훈","백지희"
"2008.07.01","강 훈(大)","유건재"
"2008.07.01","이현욱","권효진(여)"
"2008.07.01","이춘규","김효곤"
"2008.07.01","유재성","주형욱"
"2008.07.01","서봉수","김성래"
"2008.07.01","윤 혁","안영길"
"2008.07.01","류재형","김광식"
"2008.07.01","옥득진","김수장"
"2008.07.01","최문용","허영호"
"2008.07.01","김종수","박성수"
"2008.07.01","최원용","강만우"
"2008.07.01","정수현","윤기현"
"2008.07.01","박지훈(小)","유창혁"
"2008.07.01","김찬우","김민희"
"2008.07.01","이용수","이상철"
"2008.07.01","전영규","박영훈"
"2008.07.01","김주호","이관철"
"2008.07.01","박승철","김만수"
"2008.07.01","김 원","김재구"
"2008.06.30","박승화","윤 혁"
"2008.06.30","박승화","주형욱"
"2008.06.30","한상훈","김승재"
"2008.06.30","강유택","김기용"
"2008.06.30","김승준","백대현"
"2008.06.30","진동규","김선미"
"2008.06.30","최명훈","김지석"
"2008.06.30","진시영","문도원"
"2008.06.30","윤찬희","김종준"
"2008.06.30","이현호","윤지희"
"2008.06.30","고수아","장명한"
"2008.06.30","원성진","조경호"
"2008.06.30","홍민표","서중휘"
"2008.06.30","류동완","권형진"
"2008.06.30","웨량","이상훈(小)"
"2008.06.30","이원도","홍장식"
"2008.06.30","강동윤","박영훈"
"2008.06.30","김승재","조혜연"
"2008.06.30","한상훈","박정근"
"2008.06.30","김기용","문명근"
"2008.06.30","강유택","박진솔"
"2008.06.30","김승준","김동면"
"2008.06.30","백대현","박상돈"
"2008.06.30","손근기","윤영민"
"2008.06.30","한종진","양 건"
"2008.06.30","김선미","이봉근"
"2008.06.30","진동규","김형우"
"2008.06.30","최명훈","이영신"
"2008.06.30","김지석","박영찬"
"2008.06.30","진시영","이홍열"
"2008.06.30","문도원","김윤영"
"2008.06.30","박정환","온소진"
"2008.06.30","윤찬희","최규병"
"2008.06.30","이현호","김영삼"
"2008.06.30","윤지희","김진우"
"2008.06.30","한해원","조영숙"
"2008.06.30","장주주(국내)","이정우"
"2008.06.30","고수아","심종식"
"2008.06.30","장명한","김태향"
"2008.06.30","원성진","김수진"
"2008.06.30","조경호","고근태"
"2008.06.30","장수영","이정원"
"2008.06.30","서중휘","강지성"
"2008.06.30","홍민표","박소현"
"2008.06.30","권형진","김수용"
"2008.06.30","류동완","김석흥"
"2008.06.30","온소진","윤재웅"
"2008.06.30","박정환","차민수"
"2008.06.30","웨량","김세실"
"2008.06.30","이원도","김준영"
"2008.06.30","홍장식","현미진"
"2008.06.30","이상훈(小)","박지연"
"2008.06.29","안달훈","강동윤"
"2008.06.29","허영호","최원용"
"2008.06.29","윤준상","김기용"
"2008.06.29","강유택","백홍석"
"2008.06.28","박영훈","윤성현"
"2008.06.28","이세돌","조한승"
"2008.06.28","김형우","이상훈(小)"
"2008.06.28","김지석","강동윤"
"2008.06.27","온소진","김승재"
"2008.06.27","홍성지","홍민표"
"2008.06.27","이세돌","김성룡"
"2008.06.27","주형욱","김은선"
"2008.06.27","이상훈(小)","이슬아"
"2008.06.27","강유택","김강근"
"2008.06.27","박정상","김현섭"
"2008.06.27","윤준상","조대현"
"2008.06.27","이춘규","이기섭"
"2008.06.27","서봉수","장두진"
"2008.06.27","윤 혁","차수권"
"2008.06.27","김광식","서무상"
"2008.06.27","최문용","박승문"
"2008.06.27","최원용","임순택"
"2008.06.27","유창혁","박진솔"
"2008.06.27","전영규","배윤진"
"2008.06.27","이용수","권갑용"
"2008.06.27","박병규","박지훈(大)"
"2008.06.27","김대희","남치형"
"2008.06.27","최기훈","조한승"
"2008.06.27","황원준","김학수(大)"
"2008.06.27","서능욱","하찬석"
"2008.06.27","이희성","이다혜"
"2008.06.27","정대상","디아나"
"2008.06.27","홍기표","조훈현"
"2008.06.27","전영규","배윤진"
"2008.06.27","이용수","권갑용"
"2008.06.27","박병규","박지훈(大)"
"2008.06.27","김대희","남치형"
"2008.06.27","최기훈","조한승"
"2008.06.27","황원준","김학수(大)"
"2008.06.27","서능욱","하찬석"
"2008.06.27","이희성","이다혜"
"2008.06.27","정대상","디아나"
"2008.06.27","홍기표","조훈현"
"2008.06.27","이용찬","나종훈"
"2008.06.27","백성호","김영환"
"2008.06.27","백대현","이성재"
"2008.06.27","김혜민","박지연"
"2008.06.27","김형우","김동엽"
"2008.06.27","김지석","박종열"
"2008.06.27","김윤영","김효정"
"2008.06.27","최규병","김형환"
"2008.06.27","김진우","이지현(여)"
"2008.06.27","이정우","김 인"
"2008.06.27","장명한","권경언"
"2008.06.27","김수진","허장회"
"2008.06.27","고근태","김선호"
"2008.06.27","김철중","이민진"
"2008.06.27","홍민표","박지은"
"2008.06.27","류동완","안조영"
"2008.06.27","박정환","권오민"
"2008.06.27","웨량","이하진"
"2008.06.27","현미진","백흥수"
"2008.06.27","주형욱","배준희"
"2008.06.26","원성진","구리"
"2008.06.26","최철한","이영구"
"2008.06.26","류동완","김주호"
"2008.06.26","한상훈","김은선"
"2008.06.26","배준희","윤성현"
"2008.06.26","최원용","조한승"
"2008.06.26","박지은","최규병"
"2008.06.25","박정상","노영하"
"2008.06.25","이봉근","고재희"
"2008.06.25","김종준","천풍조"
"2008.06.25","최규병","루이나이웨이(국내)"
"2008.06.25","최철한","이세돌"
"2008.06.24","원성진","구리"
"2008.06.24","이영구","박영훈"
"2008.06.24","강동윤","이창호"
"2008.06.24","주형욱","최창원"
"2008.06.23","박정상","목진석"
"2008.06.23","조혜연","윤영민"
"2008.06.21","이세돌","구리"
"2008.06.21","이창호","김승재"
"2008.06.20","조훈현","안조영"
"2008.06.20","박정상","최명훈"
"2008.06.20","조한승","김대희"
"2008.06.20","주형욱","이재웅"
"2008.06.20","이재웅","박진솔"
"2008.06.19","송태곤","김승준"
"2008.06.19","이원도","이창호"
"2008.06.19","홍성지","조한승"
"2008.06.19","박영훈","배준희"
"2008.06.19","박승화","목진석"
"2008.06.19","원성진","고근태"
"2008.06.19","박정환","이정우"
"2008.06.19","한상훈","박정근"
"2008.06.19","루이나이웨이(국내)","서능욱"
"2008.06.18","이세돌","강지성"
"2008.06.18","이창호","백홍석"
"2008.06.18","현미진","이슬아"
"2008.06.18","서능욱","조혜연"
"2008.06.17","박정상","조한승"
"2008.06.17","김기용","김혜민"
"2008.06.19","원성진","고근태"
"2008.06.19","박정환","이정우"
"2008.06.19","한상훈","박정근"
"2008.06.19","루이나이웨이(국내)","서능욱"
"2008.06.18","이세돌","강지성"
"2008.06.18","이창호","백홍석"
"2008.06.18","현미진","이슬아"
"2008.06.18","서능욱","조혜연"
"2008.06.17","박정상","조한승"
"2008.06.17","김기용","김혜민"
"2008.06.16","이재웅","김윤영"
"2008.06.16","이재웅","이하진"
"2008.06.16","한상훈","백성호"
"2008.06.16","조한승","박승화"
"2008.06.16","박영훈","김수장"
"2008.06.15","박정근","김기용"
"2008.06.15","고근태","최원용"
"2008.06.15","윤찬희","강동윤"
"2008.06.14","이세돌","류싱"
"2008.06.14","조훈현","홍성지"
"2008.06.14","박영훈","김동엽"
"2008.06.14","목진석","백홍석"
"2008.06.13","이지현(여)","이다혜"
"2008.06.13","송태곤","박정환"
"2008.06.13","원성진","박정상"
"2008.06.13","배준희","이성재"
"2008.06.13","이재웅","박지연"
"2008.06.13","박지연","김수용"
"2008.06.12","김수진","김태향"
"2008.06.12","조훈현","한상훈"
"2008.06.12","이창호","유창혁"
"2008.06.12","박지연","하호정"
"2008.06.12","김선미","윤지희"
"2008.06.12","이슬아","현미진"
"2008.06.12","이영신","김은선"
"2008.06.12","김민희","디아나"
"2008.06.12","이하진","박소현"
"2008.06.12","배윤진","고수아"
"2008.06.12","김윤영","이정원"
"2008.06.12","최철한","홍장식"
"2008.06.12","조한승","윤기현"
"2008.06.12","조혜연","김종수"
"2008.06.11","목진석","윤찬희"
"2008.06.11","박정상","박영훈"
"2008.06.11","조연우","조영숙"
"2008.06.11","김수진","백지희"
"2008.06.11","이다혜","김효정"
"2008.06.11","김민희","한해원"
"2008.06.11","박소현","권효진(여)"
"2008.06.11","김윤영","김세실"
"2008.06.11","김종수","김혜민"
"2008.06.10","목진석","윤찬희"
"2008.06.10","유창혁","홍성지"
"2008.06.10","강동윤","원성진"
"2008.06.10","조한승","김지석"
"2008.06.10","조혜연","남치형"
"2008.06.10","한상훈","김대희"
"2008.06.09","이영구","서중휘"
"2008.06.09","박정상","홍민표"
"2008.06.09","고근태","박진솔"
"2008.06.09","안달훈","최철한"
"2008.06.09","김형우","한종진"
"2008.06.09","강유택","박정근"
"2008.06.09","김기용","박지은"
"2008.06.09","김주호","옥득진"
"2008.06.09","김성룡","원성진"
"2008.06.09","목진석","홍기표"
"2008.06.09","박정환","김진우"
"2008.06.09","김승재","이다혜"
"2008.06.09","이현호","안조영"
"2008.06.09","김일환","박진열"
"2008.06.09","윤 혁","윤준상"
"2008.06.08","이세돌","이춘규"
"2008.06.08","조한승","김승재"
"2008.06.08","김승준","김수장"
"2008.06.07","이창호","요다 노리모토"
"2008.06.07","류싱","조한승"
"2008.06.07","창하오","박영훈"
"2008.06.07","구리","이세돌"
"2008.06.07","이상훈(小)","이하진"
"2008.06.07","한종진","최원용"
"2008.06.07","이원도","홍민표"
"2008.06.07","안조영","최철한"
"2008.06.06","이재웅","김기용"
"2008.06.06","안달훈","진시영"
"2008.06.06","홍기표","김진훈"
"2008.06.06","이영구","조혜연"
"2008.06.06","윤준상","김주호"
"2008.06.06","홍성지","허영호"
"2008.06.05","이세돌","쿵제"
"2008.06.05","온소진","강유택"
"2008.06.05","이현호","김지석"
"2008.06.05","원성진","박정환"
"2008.06.05","고근태","안영길"
"2008.06.05","안조영","전영규"
"2008.06.05","박정상","이용수"
"2008.06.05","박지은","김혜민"
"2008.06.05","김성룡","양 건"
"2008.06.05","홍성지","문명근"
"2008.06.05","박진솔","한상훈"
"2008.06.05","최철한","박지훈(小)"
"2008.06.05","이현호","윤재웅"
"2008.06.05","홍민표","김효정"
"2008.06.05","김기용","이태현"
"2008.06.05","서중휘","김종준"
"2008.06.05","이영구","윤성현"
"2008.06.05","한종진","박승문"
"2008.06.05","김형우","이상훈(大)"
"2008.06.05","옥득진","홍장식"
"2008.06.05","김주호","차민수"
"2008.06.05","목진석","강지성"
"2008.06.05","강유택","진동규"
"2008.06.05","박정근","서능욱"
"2008.06.05","김종수","이하진"
"2008.06.04","홍성지","권오민"
"2008.06.04","한상훈","유재성"
"2008.06.04","안영길","강동윤"
"2008.06.04","고근태","백홍석"
"2008.06.04","박지훈(小)","김승재"
"2008.06.04","윤재웅","이용찬"
"2008.06.04","전영규","김수용"
"2008.06.04","안조영","장주주(국내)"
"2008.06.04","박정상","온소진"
"2008.06.04","김효정","권갑용"
"2008.06.04","홍민표","백대현"
"2008.06.04","이태현","김대희"
"2008.06.04","박지은","김영삼"
"2008.06.04","서중휘","유창혁"
"2008.06.04","윤성현","김현섭"
"2008.06.04","김주호","김선호"
"2008.06.04","김진훈","웨량"
"2008.06.04","이세돌","조한승"
"2008.06.04","원성진","유재호"
"2008.06.04","박정환","손근기"
"2008.06.04","김성룡","유병호"
"2008.06.04","양 건","김영환"
"2008.06.04","박승화","이홍열"
"2008.06.04","문명근","김찬우"
"2008.06.04","박진솔","조혜연"
"2008.06.04","최철한","윤지희"
"2008.06.04","진시영","최원용"
"2008.06.04","안달훈","조영숙"
"2008.06.04","이현호","김준영"
"2008.06.04","이용수","염정훈"
"2008.06.04","김기용","김철중"
"2008.06.04","이영구","이성재"
"2008.06.04","한종진","김수진"
"2008.06.04","김형우","하찬석"
"2008.06.04","이상훈(大)","김광식"
"2008.06.04","홍장식","정대상"
"2008.06.04","옥득진","천풍조"
"2008.06.04","차민수","윤종섭"
"2008.06.04","목진석","이다혜"
"2008.06.04","강지성","배준희"
"2008.06.04","강유택","이원도"
"2008.06.04","박정근","윤영민"
"2008.06.04","서능욱","류동완"
"2008.06.04","김종수","김은선"
"2008.06.03","김성룡","김동면"
"2008.06.03","이용찬","김명완"
"2008.06.03","전영규","윤 혁"
"2008.06.03","이용수","안관욱"
"2008.06.03","홍민표","주형욱"
"2008.06.03","백대현","최명훈"
"2008.06.03","김혜민","백지희"
"2008.06.03","김종준","이상훈(小)"
"2008.06.03","홍기표","이기섭"
"2008.06.03","진동규","김진우"
"2008.06.03","유재호","박지연"
"2008.06.03","원성진","박진열"
"2008.06.03","박정환","이강욱"
"2008.06.03","손근기","권경언"
"2008.06.03","유병호","정동식"
"2008.06.03","김영환","오규철"
"2008.06.03","윤기현","권효진(여)"
"2008.06.03","이홍열","허장회"
"2008.06.03","박승화","박소현"
"2008.06.03","문명근","김기헌"
"2008.06.03","홍성지","송태곤"
"2008.06.03","조혜연","서봉수"
"2008.06.03","한상훈","최문용"
"2008.06.03","유재성","조대현"
"2008.06.03","강동윤","한철균"
"2008.06.03","안영길","박영찬"
"2008.06.03","고근태","김세실"
"2008.06.03","백홍석","이봉근"
"2008.06.03","김승재","허영호"
"2008.06.03","박지훈(小)","노영하"
"2008.06.03","최철한","박지훈(大)"
"2008.06.03","윤지희","김선미"
"2008.06.03","최원용","강 훈(大)"
"2008.06.03","진시영","조연우"
"2008.06.03","조영숙","남치형"
"2008.06.03","안달훈","이하진"
"2008.06.03","이현호","한해원"
"2008.06.03","김준영","홍종현"
"2008.06.03","윤재웅","김동엽"
"2008.06.03","김수용","김강근"
"2008.06.03","안조영","백성호"
"2008.06.03","장주주(국내)","차수권"
"2008.06.03","온소진","김효곤"
"2008.06.03","염정훈","윤찬희"
"2008.06.03","권갑용","박종열"
"2008.06.03","김기용","이현욱"
"2008.06.03","이성재","하호정"
"2008.06.03","김주호","김민희"
"2008.06.03","이원도","심종식"
"2008.06.03","박정근","이춘규"
"2008.06.03","목진석","조훈현"
"2008.06.03","이민진","고수아"
"2008.06.03","조한승","이창호"
"2008.06.02","온소진","김지석"
"2008.06.02","이현호","이용수"
"2008.06.02","박승문","박성수"
"2008.06.02","양 건","공병주"
"2008.06.02","권오민","류재형"
"2008.06.02","박진솔","김학수(大)"
"2008.06.02","박정상","정수현"
"2008.06.02","김효정","배윤진"
"2008.06.02","김철중","고수아"
"2008.06.03","조한승","이창호"
"2008.06.02","온소진","김지석"
"2008.06.02","이현호","이용수"
"2008.06.02","박승문","박성수"
"2008.06.02","양 건","공병주"
"2008.06.02","권오민","류재형"
"2008.06.02","박진솔","김학수(大)"
"2008.06.02","박정상","정수현"
"2008.06.02","김효정","배윤진"
"2008.06.02","김철중","고수아"
"2008.06.02","이태현","박상돈"
"2008.06.02","김대희","나종훈"
"2008.06.02","김영삼","김형환"
"2008.06.02","백지희","김태향"
"2008.06.02","김혜민","서건우"
"2008.06.02","김종준","노준환"
"2008.06.02","유창혁","유건재"
"2008.06.02","서중휘","김만수"
"2008.06.02","김현섭","김재구"
"2008.06.02","윤성현","김덕규"
"2008.06.02","이영구","현미진"
"2008.06.02","박승문","강만우"
"2008.06.02","박성수","박병규"
"2008.06.02","김수진","임순택"
"2008.06.02","한종진","김 원"
"2008.06.02","김형우","이영신"
"2008.06.02","하찬석","백흥수"
"2008.06.02","김광식","김석흥"
"2008.06.02","이상훈(大)","황원준"
"2008.06.02","홍장식","이재웅"
"2008.06.02","천풍조","디아나"
"2008.06.02","옥득진","장명한"
"2008.06.02","윤종섭","이정원"
"2008.06.02","김선호","이민진"
"2008.06.02","이다혜","이슬아"
"2008.06.02","강지성","김성래"
"2008.06.02","배준희","김윤영"
"2008.06.02","웨량","김종수"
"2008.06.02","김진훈","최창원"
"2008.06.02","이기섭","양상국"
"2008.06.02","홍기표","김수장"
"2008.06.02","강유택","이정우"
"2008.06.02","진동규","권형진"
"2008.06.02","김진우","이형로"
"2008.06.02","윤영민","고재희"
"2008.06.02","서능욱","이관철"
"2008.06.02","류동완","박승철"
"2008.06.02","이세돌","셰허"
"2008.06.02","조한승","리저"
"2008.06.01","셰허","장쉬"
"2008.06.01","이창호","조치훈"
"2008.06.01","최원용","이원도"
"2008.06.01","안조영","이상훈(小)"
"2008.06.01","강동윤","최명훈"
"2008.06.01","백홍석","김승준"
"2008.06.01","이춘규","김기용"
"2008.05.31","유창혁","권오민"
"2008.05.30","김승재","김지석"
"2008.05.30","이세돌","윤준상"
"2008.05.30","강유택","홍민표"
"2008.05.30","한상훈","디아나"
"2008.05.30","김수용","김진훈"
"2008.05.30","이상훈(小)","김일환"
"2008.05.30","정대상","이지현(여)"
"2008.05.30","목진석","최규병"
"2008.05.30","송태곤","김은선"
"2008.05.30","안달훈","양재호"
"2008.05.30","최명훈","김승준"
"2008.05.30","이상훈(大)","김 인"
"2008.05.30","이민진","조경호"
"2008.05.30","류동완","루이나이웨이(국내)"
"2008.05.29","이영구","왕레이(雷)"
"2008.05.29","박지은","장두진"
"2008.05.29","김찬우","장수영"
"2008.05.29","차민수","이상철"
"2008.05.29","최철한","허영호"
"2008.05.29","류동완","김형우"
"2008.05.29","박정환","이태현"
"2008.05.29","김종수","이민진"
"2008.05.28","김형우","스웨"
"2008.05.28","구리","원성진"
"2008.05.28","창하오","조한승"
"2008.05.28","이창호","조치훈"
"2008.05.28","이세돌","김지석"
"2008.05.28","고노린","백홍석"
"2008.05.28","야마시타 게이고","김형환"
"2008.05.28","박영훈","왕야오"
"2008.05.28","이민진","한철균"
"2008.05.27","이영구","서무상"
"2008.05.27","조훈현","최원용"
"2008.05.26","김형우","추쥔"
"2008.05.26","이세돌","장쉬"
"2008.05.26","김형환","쿵제"
"2008.05.26","김지석","왕타오"
"2008.05.26","야마시타 게이고","김승재"
"2008.05.26","백홍석","왕레이"
"2008.05.26","조치훈","강동윤"
"2008.05.26","구리","목진석"
"2008.05.26","이창호","셰허"
"2008.05.26","고노린","한상훈"
"2008.05.26","스웨","최철한"
"2008.05.26","박영훈","저우쥔쉰"
"2008.05.26","조한승","퉈자시"
"2008.05.26","원성진","리캉"
"2008.05.26","창하오","박정상"
"2008.05.26","왕야오","최기훈"
"2008.05.26","윤준상","안영길"
"2008.05.26","윤 혁","서봉수"
"2008.05.25","고근태","이성재"
"2008.05.25","박정근","김대희"
"2008.05.25","조훈현","이정우"
"2008.05.24","홍기표","윤현석"
"2008.05.24","박영훈","박정상"
"2008.05.24","이창호","목진석"
"2008.05.23","박정상","이상훈(大)"
"2008.05.23","윤성현","김형환"
"2008.05.23","김주호","류동완"
"2008.05.23","손근기","루이나이웨이(국내)"
"2008.05.23","김승재","백홍석"
"2008.05.23","최철한","목진석"
"2008.05.23","유창혁","서중휘"
"2008.05.23","김형우","이원도"
"2008.05.23","홍민표","권오민"
"2008.05.23","강유택","허영호"
"2008.05.23","전영규","박승철"
"2008.05.23","홍장식","서무상"
"2008.05.23","한상훈","김주호"
"2008.05.23","홍성지","박승화"
"2008.05.23","김성룡","유창혁"
"2008.05.23","이하진","이춘규"
"2008.05.23","김지석","권효진(여)"
"2008.05.23","이태현","박소현"
"2008.05.22","박정환","온소진"
"2008.05.22","원성진","이영구"
"2008.05.22","이상훈(大)","윤찬희"
"2008.05.22","박정상","김대희"
"2008.05.22","윤성현","최문용"
"2008.05.22","김형환","강지성"
"2008.05.22","류동완","김진훈"
"2008.05.22","김주호","이재웅"
"2008.05.22","손근기","김지석"
"2008.05.22","루이나이웨이(국내)","박진솔"
"2008.05.22","김승재","김성래"
"2008.05.22","백홍석","이상훈(小)"
"2008.05.22","최철한","장수영"
"2008.05.22","목진석","김광식"
"2008.05.22","서중휘","김영환"
"2008.05.22","유창혁","이태현"
"2008.05.22","이원도","윤 혁"
"2008.05.22","김형우","이현호"
"2008.05.22","권오민","최규병"
"2008.05.22","홍민표","김만수"
"2008.05.22","강유택","박정환"
"2008.05.22","허영호","김혜민"
"2008.05.22","전영규","김기용"
"2008.05.22","박승철","김영삼"
"2008.05.22","홍장식","정대상"
"2008.05.22","서무상","류재형"
"2008.05.22","이민진","권갑용"
"2008.05.21","이영구","이정우"
"2008.05.21","이민진","박영찬"
"2008.05.21","윤찬희","박지은"
"2008.05.21","이상훈(大)","이영신"
"2008.05.21","박정상","조훈현"
"2008.05.21","김대희","웨량"
"2008.05.21","윤성현","유재성"
"2008.05.21","최문용","장주주(국내)"
"2008.05.21","김형환","하호정"
"2008.05.21","강지성","김 원"
"2008.05.21","류동완","고재희"
"2008.05.21","김진훈","안관욱"
"2008.05.21","김주호","최원용"
"2008.05.21","이재웅","권갑용"
"2008.05.21","김지석","조혜연"
"2008.05.21","손근기","최기훈"
"2008.05.21","루이나이웨이(국내)","김진우"
"2008.05.21","박진솔","김종수"
"2008.05.21","김성래","유재호"
"2008.05.21","김승재","김수진"
"2008.05.21","이상훈(小)","양재호"
"2008.05.21","백홍석","박지훈(大)"
"2008.05.21","최철한","최명훈"
"2008.05.21","장수영","노영하"
"2008.05.21","김광식","김준영"
"2008.05.21","목진석","김동엽"
"2008.05.21","김영환","고근태"
"2008.05.21","서중휘","배준희"
"2008.05.21","이태현","박소현"
"2008.05.21","유창혁","김민희"
"2008.05.21","윤 혁","김석흥"
"2008.05.21","이원도","이영구"
"2008.05.21","이현호","박정근"
"2008.05.21","김형우","백대현"
"2008.05.21","권오민","이현욱"
"2008.05.21","최규병","이관철"
"2008.05.21","김만수","이용찬"
"2008.05.21","박정환","박성수"
"2008.05.21","강유택","나종훈"
"2008.05.21","허영호","이형로"
"2008.05.21","김혜민","안달훈"
"2008.05.21","전영규","조한승"
"2008.05.21","김기용","온소진"
"2008.05.21","김영삼","박승화"
"2008.05.21","박승철","이다혜"
"2008.05.21","홍장식","김수장"
"2008.05.21","서무상","오규철"
"2008.05.21","류재형","조경호"
"2008.05.20","이세돌","원성진"
"2008.05.20","이원도","김수용"
"2008.05.20","박지은","이강욱"
"2008.05.20","윤찬희","윤지희"
"2008.05.20","이영신","고수아"
"2008.05.20","이상훈(大)","허장회"
"2008.05.20","조훈현","진시영"
"2008.05.20","박정상","현미진"
"2008.05.20","웨량","백성호"
"2008.05.20","김대희","권경언"
"2008.05.20","윤성현","박지훈(小)"
"2008.05.20","유재성","한해원"
"2008.05.20","장주주(국내)","한상훈"
"2008.05.20","윤찬희","윤지희"
"2008.05.20","이영신","고수아"
"2008.05.20","이상훈(大)","허장회"
"2008.05.20","조훈현","진시영"
"2008.05.20","박정상","현미진"
"2008.05.20","웨량","백성호"
"2008.05.20","김대희","권경언"
"2008.05.20","윤성현","박지훈(小)"
"2008.05.20","유재성","한해원"
"2008.05.20","장주주(국내)","한상훈"
"2008.05.20","김형환","이희성"
"2008.05.20","하호정","김 인"
"2008.05.20","강지성","김명완"
"2008.05.20","김 원","이성재"
"2008.05.20","고재희","유병호"
"2008.05.20","류동완","김세실"
"2008.05.20","안관욱","김효정"
"2008.05.20","김진훈","공병주"
"2008.05.20","최원용","박병규"
"2008.05.20","김주호","김현섭"
"2008.05.20","권갑용","양 건"
"2008.05.20","이재웅","김태향"
"2008.05.20","조혜연","강 훈(大)"
"2008.05.20","김지석","김강근"
"2008.05.20","최기훈","윤영민"
"2008.05.20","루이나이웨이(국내)","한종진"
"2008.05.20","박진솔","이봉근"
"2008.05.20","김진우","문명근"
"2008.05.20","유재호","김은선"
"2008.05.20","김수진","백지희"
"2008.05.20","김승재","이홍열"
"2008.05.20","양재호","노준환"
"2008.05.20","이상훈(小)","홍기표"
"2008.05.20","백홍석","이춘규"
"2008.05.20","박지훈(大)","디아나"
"2008.05.20","최명훈","조영숙"
"2008.05.20","최철한","황원준"
"2008.05.20","장수영","김효곤"
"2008.05.20","노영하","차민수"
"2008.05.20","김광식","하찬석"
"2008.05.20","김준영","서봉수"
"2008.05.20","목진석","권형진"
"2008.05.20","김동엽","유건재"
"2008.05.20","홍민표","이민진"
"2008.05.20","박정환","김찬우"
"2008.05.20","허영호","박영훈"
"2008.05.20","온소진","송태곤"
"2008.05.20","오규철","염정훈"
"2008.05.20","조경호","윤기현"
"2008.05.19","박정환","조훈현"
"2008.05.19","강동윤","박영훈"
"2008.05.19","이창호","온소진"
"2008.05.19","목진석","오규철"
"2008.05.19","한종진","이세돌"
"2008.05.19","최문용","정수현"
"2008.05.19","손근기","박상돈"
"2008.05.19","김종수","홍성지"
"2008.05.19","김성래","김성룡"
"2008.05.19","정대상","한철균"
"2008.05.19","김영환","김선미"
"2008.05.19","고근태","김수용"
"2008.05.19","배준희","심종식"
"2008.05.19","이태현","김동면"
"2008.05.19","박소현","윤준상"
"2008.05.19","김민희","배윤진"
"2008.05.19","유창혁","옥득진"
"2008.05.19","윤 혁","이용수"
"2008.05.19","이영구","정동식"
"2008.05.19","이원도","박지연"
"2008.05.19","이현호","이정우"
"2008.05.19","박정근","최창원"
"2008.05.19","김형우","박영찬"
"2008.05.19","백대현","이하진"
"2008.05.19","권오민","백흥수"
"2008.05.19","이현욱","김윤영"
"2008.05.19","이관철","임순택"
"2008.05.19","최규병","홍종현"
"2008.05.19","이민진","이지현(여)"
"2008.05.19","홍민표","김종준"
"2008.05.19","이용찬","박종열"
"2008.05.19","김만수","윤현석"
"2008.05.19","박성수","이상철"
"2008.05.19","나종훈","장명한"
"2008.05.19","강유택","박진열"
"2008.05.19","이형로","주형욱"
"2008.05.19","김혜민","천풍조"
"2008.05.19","안달훈","김덕규"
"2008.05.19","전영규","남치형"
"2008.05.19","조한승","김철중"
"2008.05.19","김기용","김기헌"
"2008.05.19","박승화","이슬아"
"2008.05.19","김영삼","김일환"
"2008.05.19","박승철","이기섭"
"2008.05.19","이다혜","박승문"
"2008.05.19","정대상","강만우"
"2008.05.19","한철균","장두진"
"2008.05.19","김수장","안영길"
"2008.05.19","홍장식","윤종섭"
"2008.05.19","류재형","김승준"
"2008.05.19","서무상","이정원"
"2008.05.18","박영훈","이재웅"
"2008.05.18","목진석","이영구"
"2008.05.17","최철한","이창호"
"2008.05.17","김승재","이성재"
"2008.05.17","홍민표","박정상"
"2008.05.17","류동완","송태곤"
"2008.05.17","이세돌","조훈현"
"2008.05.16","서중휘","김선호"
"2008.05.16","김석흥","양상국"
"2008.05.16","이성재","조대현"
"2008.05.16","이재웅","권효진(여)"
"2008.05.16","김종수","김재구"
"2008.05.16","김동엽","김학수(大)"
"2008.05.16","옥득진","진동규"
"2008.05.16","이하진","차수권"
"2008.05.16","김덕규","조연우"
"2008.05.16","박승문","윤재웅"
"2008.05.16","서무상","서능욱"
"2008.05.16","박지연","이민진"
"2008.05.16","최기훈","이슬아"
"2008.05.16","김기용","최원용"
"2008.05.16","이원도","유창혁"
"2008.05.16","배준희","안조영"
"2008.05.16","원성진","조한승"
"2008.05.15","이세돌","창하오"
"2008.05.15","류싱","이영구"
"2008.05.15","이민진","차민수"
"2008.05.15","이창호","유창혁"
"2008.05.15","김기용","조경호"
"2008.05.15","박정환","이춘규"
"2008.05.15","한상훈","최명훈"
"2008.05.14","홍성지","이세돌"
"2008.05.14","강지성","조훈현"
"2008.05.14","차민수","김선미"
"2008.05.13","조혜연","현미진"
"2008.05.13","백홍석","권오민"
"2008.05.13","이창호","최명훈"
"2008.05.13","권효진(여)","한해원"
"2008.05.12","강동윤","조한승"
"2008.05.12","한상훈","안조영"
"2008.05.12","최철한","박정상"
"2008.05.11","이영구","이상훈(小)"
"2008.05.11","백홍석","온소진"
"2008.05.11","김성룡","최원용"
"2008.05.10","이영구","쿵제"
"2008.05.10","강동윤","홍성지"
"2008.05.10","김주호","김기용"
"2008.05.09","유창혁","김승재"
"2008.05.09","조혜연","윤찬희"
"2008.05.09","김형우","고근태"
"2008.05.09","허영호","박정근"
"2008.05.09","박지연","진시영"
"2008.05.09","박진솔","고수아"
"2008.05.08","박지연","이영신"
"2008.05.08","이지현(여)","백지희"
"2008.05.08","이하진","이다혜"
"2008.05.08","고수아","김은선"
"2008.05.08","김윤영","이민진"
"2008.05.08","박영훈","윤준상"
"2008.05.08","강유택","이정우"
"2008.05.08","박정상","이재웅"
"2008.05.08","박지연","김선미"
"2008.05.08","이영신","김효정"
"2008.05.08","이지현(여)","조영숙"
"2008.05.08","백지희","김세실"
"2008.05.08","이하진","하호정"
"2008.05.08","이다혜","배윤진"
"2008.05.08","고수아","박소현"
"2008.05.08","김은선","윤영민"
"2008.05.08","이민진","박지은"
"2008.05.08","김윤영","윤지희"
"2008.05.08","한해원","디아나"
"2008.05.08","권효진(여)","김태향"
"2008.05.08","차민수","이슬아"
"2008.05.07","윤찬희","이성재"
"2008.05.07","이창호","조훈현"
"2008.05.07","차민수","하호정"
"2008.05.07","박영훈","백홍석"
"2008.05.06","권효진(여)","남치형"
"2008.05.06","김효정","현미진"
"2008.05.06","김세실","이정원"
"2008.05.06","이하진","조연우"
"2008.05.06","이다혜","조혜연"
"2008.05.06","윤영민","이슬아"
"2008.05.06","이민진","김수진"
"2008.05.06","김윤영","김민희"
"2008.05.06","이영구","윤찬희"
"2008.05.06","이세돌","강동윤"
"2008.05.05","유창혁","강유택"
"2008.05.05","한상훈","김지석"
"2008.05.05","배준희","김형우"
"2008.05.05","윤준상","원성진"
"2008.05.05","허영호","박승화"
"2008.05.04","이창호","조치훈"
"2008.05.04","이세돌","쿵제"
"2008.05.04","최철한","파오원야오"
"2008.05.04","류싱","박영훈"
"2008.05.02","이원도","박정근"
"2008.05.02","고근태","최명훈"
"2008.05.02","안조영","윤찬희"
"2008.05.02","쿵제","왕레이"
"2008.05.02","파오원야오","송태곤"
"2008.05.02","조치훈","창하오"
"2008.05.02","류싱","왕밍완"
"2008.05.02","박영훈","펑취안"
"2008.05.02","이창호","셰허"
"2008.05.02","최철한","구리"
"2008.05.02","이세돌","저우허양"
"2008.05.01","차민수","현미진"
"2008.05.01","이정우","김승준"
"2008.05.01","목진석","조한승"
"2008.04.30","박승화","김형환"
"2008.04.30","셰허","이영구"
"2008.04.30","왕레이","다카오 신지"
"2008.04.30","이세돌","후야오위"
"2008.04.30","조치훈","장쉬"
"2008.04.30","파오원야오","카타린 타라누"
"2008.04.30","류싱","장밍주"
"2008.04.30","구리","야마시타 게이고"
"2008.04.30","박영훈","저우쥔쉰"
"2008.04.30","차민수","김윤영"
"2008.04.29","홍성지","원성진"
"2008.04.29","이하진","이슬아"
"2008.04.29","박정상","목진석"
"2008.04.28","목진석","최기훈"
"2008.04.28","손근기","김형우"
"2008.04.28","이원도","김세실"
"2008.04.28","김은선","온소진"
"2008.04.28","김혜민","전영규"
"2008.04.28","이재웅","김선호"
"2008.04.28","윤 혁","조연우"
"2008.04.28","주형욱","홍기표"
"2008.04.28","유재호","윤찬희"
"2008.04.28","김지석","이용수"
"2008.04.28","배준희","이현호"
"2008.04.28","강유택","김수진"
"2008.04.28","김윤영","김선미"
"2008.04.28","조경호","류동완"
"2008.04.28","박지연","이민진"
"2008.04.28","김혜민","박지훈(小)"
"2008.04.28","박정환","김현섭"
"2008.04.28","이슬아","윤지희"
"2008.04.28","한상훈","박정근"
"2008.04.28","이현호","권형진"
"2008.04.28","강유택","백지희"
"2008.04.28","김승재","김대희"
"2008.04.28","조경호","배윤진"
"2008.04.27","이영구","조훈현"
"2008.04.27","김주호","박정상"
"2008.04.27","홍성지","이창호"
"2008.04.26","김일환","이슬아"
"2008.04.26","김승재","노영하"
"2008.04.26","송태곤","이현호"
"2008.04.26","이성재","온소진"
"2008.04.25","강동윤","최철한"
"2008.04.25","류동완","최원용"
"2008.04.25","이세돌","김기용"
"2008.04.25","김형우","파오원야오"
"2008.04.25","최철한","송태곤"
"2008.04.25","강동윤","이야마 유타"
"2008.04.25","스웨","저우루이양"
"2008.04.25","박정상","양이"
"2008.04.25","최기훈","쩌우쥔제"
"2008.04.25","셰허","안조영"
"2008.04.25","김형환","나카노 히로나리"
"2008.04.25","리캉","사오웨이강"
"2008.04.25","왕타오","허영호"
"2008.04.25","왕레이","김현찬(아마)"
"2008.04.25","김승재","강 훈(大)"
"2008.04.25","김지석","김광식"
"2008.04.25","왕야오","이민진"
"2008.04.25","퉈자시","류재형"
"2008.04.25","백홍석","위빈"
"2008.04.24","홍민표","백홍석"
"2008.04.24","이상훈(小)","김승재"
"2008.04.24","강동윤","항톈펑"
"2008.04.24","이야마 유타","전영규"
"2008.04.24","김현찬(아마)","고근태"
"2008.04.24","왕레이","박승화"
"2008.04.24","강 훈(大)","강지성"
"2008.04.24","김승재","홍민표"
"2008.04.24","리캉","리저"
"2008.04.24","사오웨이강","박정근"
"2008.04.24","김광식","마쓰모토 다케히사"
"2008.04.24","김지석","뤄시허"
"2008.04.24","셰허","강유택"
"2008.04.24","안조영","홍장식"
"2008.04.24","이민진","박병규"
"2008.04.24","왕야오","최원용"
"2008.04.24","송태곤","쑤야오궈"
"2008.04.24","최철한","김영환"
"2008.04.24","파오원야오","장주주(국내)"
"2008.04.24","김형우","진시영"
"2008.04.24","김형환","윤기현"
"2008.04.24","나카노 히로나리","린수양"
"2008.04.24","스웨","강만우"
"2008.04.24","저우루이양","이성재"
"2008.04.24","백홍석","이현호"
"2008.04.24","위빈","박소현"
"2008.04.24","쩌우쥔제","윤지희"
"2008.04.24","최기훈","쓰루야마 아쓰시"
"2008.04.24","왕타오","샤다밍"
"2008.04.24","허영호","황이중"
"2008.04.24","퉈자시","천야오예"
"2008.04.24","류재형","세토 다이키"
"2008.04.24","박정상","하타나카 호시노부"
"2008.04.24","양이","왕시"
"2008.04.23","강동윤","김명완"
"2008.04.23","항톈펑","천스위안(국내)"
"2008.04.23","이야마 유타","심종식"
"2008.04.23","전영규","서봉수"
"2008.04.23","고근태","이희성"
"2008.04.23","김현찬(아마)","다카시마 다케시"
"2008.04.23","박승화","쿵링원"
"2008.04.23","왕레이","홍성지"
"2008.04.23","강지성","김진훈"
"2008.04.23","강 훈(大)","홍기표"
"2008.04.23","김승재","다케미야 요코"
"2008.04.23","홍민표","류싱"
"2008.04.23","리저","마루롱"
"2008.04.23","리캉","황이주"
"2008.04.23","사오웨이강","김찬우"
"2008.04.23","박정근","김성룡"
"2008.04.23","김광식","이슬아"
"2008.04.23","마쓰모토 다케히사","왕위후이"
"2008.04.23","뤄시허","유재호"
"2008.04.23","김지석","오쿠다 아야"
"2008.04.23","강유택","조혜연"
"2008.04.23","셰허","박승철"
"2008.04.23","안조영","고니시 가쓰코"
"2008.04.23","홍장식","무카이 치아키"
"2008.04.23","이민진","이상훈(小)"
"2008.04.23","박병규","윤성현"
"2008.04.23","최원용","김진우"
"2008.04.23","왕야오","김기용"
"2008.04.23","쑤야오궈","유재성"
"2008.04.23","송태곤","김수장"
"2008.04.23","최철한","오하시 히로후미"
"2008.04.23","김영환","주형욱"
"2008.04.23","장주주(국내)","안관욱"
"2008.04.23","파오원야오","조훈현"
"2008.04.23","진시영","권형진"
"2008.04.23","김형우","이토 마사시"
"2008.04.23","윤기현","권효진(여)"
"2008.04.23","김형환","왕레이(雷)"
"2008.04.23","나카노 히로나리","김일환"
"2008.04.23","린수양","박승문"
"2008.04.23","강만우","권오민"
"2008.04.23","스웨","중원징"
"2008.04.23","저우루이양","이상철"
"2008.04.23","이성재","사카이 히데유키"
"2008.04.23","이현호","탄샤오"
"2008.04.23","백홍석","진동규"
"2008.04.23","박소현","이홍열"
"2008.04.23","위빈","이태현"
"2008.04.23","윤지희","디아나"
"2008.04.23","쩌우쥔제","기요나리 데츠야"
"2008.04.23","최기훈","위정치"
"2008.04.23","쓰루야마 아쓰시","다무라 치아키"
"2008.04.23","왕타오","김승준"
"2008.04.23","샤다밍","임순택"
"2008.04.23","황이중","정수현"
"2008.04.23","허영호","이용수"
"2008.04.23","퉈자시","주위안하오"
"2008.04.23","천야오예","이영구"
"2008.04.23","류재형","박성수"
"2008.04.23","세토 다이키","야마다 기미오"
"2008.04.23","하타나카 호시노부","구링이"
"2008.04.23","박정상","최규병"
"2008.04.23","양이","노영하"
"2008.04.23","왕시","박진열"
"2008.04.22","최철한","후야오위"
"2008.04.22","사오웨이강","다지리 유토"
"2008.04.22","이슬아","왕위안쥔"
"2008.04.22","오쿠다 아야","린슈핑"
"2008.04.22","김명완","김수준"
"2008.04.22","강동윤","나카네 나오유키"
"2008.04.22","천스위안(국내)","박지은"
"2008.04.22","항톈펑","유병호"
"2008.04.22","심종식","남치형"
"2008.04.22","이야마 유타","뉴위톈"
"2008.04.22","전영규","류동완"
"2008.04.22","서봉수","최문용"
"2008.04.22","고근태","이호승(아마)"
"2008.04.22","이희성","후지이 슈야"
"2008.04.22","김현찬(아마)","슈토 슌"
"2008.04.22","다카시마 다케시","조연우"
"2008.04.22","박승화","자오페이저"
"2008.04.22","쿵링원","한종진"
"2008.04.22","홍성지","장수영"
"2008.04.22","왕레이","손근기"
"2008.04.22","김진훈","우치다 슈헤이"
"2008.04.22","강지성","김민희"
"2008.04.22","홍기표","이정원"
"2008.04.22","강 훈(大)","양상국"
"2008.04.22","다케미야 요코","조대현"
"2008.04.22","김승재","서능욱"
"2008.04.22","홍민표","염정훈"
"2008.04.22","류싱","장두진"
"2008.04.22","리저","안영길"
"2008.04.22","마루롱","김기헌"
"2008.04.22","황이주","이형로"
"2008.04.22","리캉","김영삼"
"2008.04.22","김찬우","시웅펑"
"2008.04.22","박정근","미타니 데츠야"
"2008.04.22","김성룡","윤준상"
"2008.04.22","김광식","안자이 노부아키"
"2008.04.22","마쓰모토 다케히사","고수아"
"2008.04.22","왕위후이","백대현"
"2008.04.22","유재호","배준희"
"2008.04.22","뤄시허","윤찬희"
"2008.04.22","김지석","박지연"
"2008.04.22","강유택","장리"
"2008.04.22","조혜연","김동면"
"2008.04.22","셰허","웨량"
"2008.04.22","박승철","홍석의(아마)"
"2008.04.22","고니시 가쓰코","공병주"
"2008.04.22","안조영","최명훈"
"2008.04.22","무카이 치아키","하호정"
"2008.04.22","홍장식","천보야"
"2008.04.22","이민진","가나자와 히데오"
"2008.04.22","이상훈(小)","오야 고이치"
"2008.04.22","윤성현","나카노 야스히로"
"2008.04.22","박병규","허장회"
"2008.04.22","최원용","김은선"
"2008.04.22","김진우","김성래"
"2008.04.22","김기용","류징"
"2008.04.22","왕야오","박지훈(小)"
"2008.04.22","유재성","이봉근"
"2008.04.22","쑤야오궈","김만수"
"2008.04.22","송태곤","김현정"
"2008.04.22","김수장","김태향"
"2008.04.22","오하시 히로후미","서무상"
"2008.04.22","주형욱","권경언"
"2008.04.22","김영환","이용찬"
"2008.04.22","권형진","백지희"
"2008.04.22","조한승","이창호"
"2008.04.21","쩌우쥔제","박영운(아마)"
"2008.04.21","왕타오","하찬석"
"2008.04.21","퉈자시","구와모토 신페이"
"2008.04.21","안관욱","배윤진"
"2008.04.21","장주주(국내)","서중휘"
"2008.04.21","파오원야오","현미진"
"2008.04.21","조훈현","스즈키 케이지"
"2008.04.21","진시영","최창원"
"2008.04.21","김형우","나종훈"
"2008.04.21","이토 마사시","하영일"
"2008.04.21","권효진(여)","오사와 나루미"
"2008.04.21","김형환","딩웨이"
"2008.04.21","왕레이(雷)","장저하오"
"2008.04.21","김일환","백흥수"
"2008.04.21","나카노 히로나리","이춘규"
"2008.04.21","박승문","정동식"
"2008.04.21","린수양","김선호"
"2008.04.21","강만우","천풍조"
"2008.04.21","권오민","가토 게이코"
"2008.04.21","스웨","양 건"
"2008.04.21","중원징","셰이민"
"2008.04.21","이상철","김재구"
"2008.04.21","저우루이양","온소진"
"2008.04.21","이성재","김 원"
"2008.04.21","사카이 히데유키","윤현석"
"2008.04.21","이현호","시다 다쓰야"
"2008.04.21","탄샤오","박진솔"
"2008.04.21","진동규","김현섭"
"2008.04.21","백홍석","박지훈(大)"
"2008.04.21","이홍열","모치즈키 겐이치"
"2008.04.21","박소현","리밍"
"2008.04.21","위빈","미조카미 도모치카"
"2008.04.21","이태현","펑취안"
"2008.04.21","디아나","김덕규"
"2008.04.21","윤지희","옥득진"
"2008.04.21","기요나리 데츠야","저우허양"
"2008.04.21","위정치","무라카와 다이스케"
"2008.04.21","최기훈","황원준"
"2008.04.21","쓰루야마 아쓰시","장명한"
"2008.04.21","다무라 치아키","유창혁"
"2008.04.21","김승준","린한제"
"2008.04.21","샤다밍","김준영"
"2008.04.21","임순택","한해원"
"2008.04.21","정수현","홍종현"
"2008.04.21","황이중","문명근"
"2008.04.21","이용수","이강욱"
"2008.04.21","허영호","차수권"
"2008.04.21","주위안하오","한철균"
"2008.04.21","천야오예","김종수"
"2008.04.21","이영구","이상훈(大)"
"2008.04.21","류재형","이다혜"
"2008.04.21","박성수","양재호"
"2008.04.21","야마다 기미오","박상돈"
"2008.04.21","세토 다이키","이재웅"
"2008.04.21","하타나카 호시노부","김선미"
"2008.04.21","구링이","판산치"
"2008.04.21","최규병","김세실"
"2008.04.21","박정상","김수용"
"2008.04.21","노영하","박종열"
"2008.04.21","양이","김대희"
"2008.04.21","왕시","이현욱"
"2008.04.21","박진열","정대상"
"2008.04.21","이세돌","김지석"
"2008.04.21","이정우","목진석"
"2008.04.21","박영훈","김기용"
"2008.04.20","뤄시허","치리허"
"2008.04.20","나카네 나오유키","김철중"
"2008.04.20","항톈펑","유경민"
"2008.04.20","뉴위톈","야시로 구미코"
"2008.04.20","최문용","김종준"
"2008.04.20","다카시마 다케시","조경호"
"2008.04.20","쿵링원","장화이이"
"2008.04.20","손근기","박정환"
"2008.04.20","강 훈(大)","웨이쯔샹"
"2008.04.20","서능욱","쑹룽후이"
"2008.04.20","류싱","이기섭"
"2008.04.20","리캉","김윤영"
"2008.04.20","김찬우","김학수(大)"
"2008.04.20","윤준상","김주호"
"2008.04.20","박지연","이영신"
"2008.04.20","박승철","장리요우"
"2008.04.20","최명훈","루이나이웨이(국내)"
"2008.04.20","홍장식","김수진"
"2008.04.20","박병규","이정우"
"2008.04.20","김진우","윤 혁"
"2008.04.20","왕야오","유건재"
"2008.04.20","김수장","이하진"
"2008.04.20","최철한","류스전"
"2008.04.20","이용찬","차오다위안"
"2008.04.20","조훈현","오규철"
"2008.04.20","진시영","왕하오양"
"2008.04.20","이토 마사시","윤종섭"
"2008.04.20","장저하오","오바 준야"
"2008.04.20","이춘규","무라카미 아키히데"
"2008.04.20","린수양","장쉐빈"
"2008.04.20","셰이민","이관철"
"2008.04.20","온소진","황 염"
"2008.04.20","사카이 히데유키","이지현(여)"
"2008.04.20","백홍석","김효정"
"2008.04.20","리밍","조선진"
"2008.04.20","펑취안","김 인"
"2008.04.20","기요나리 데츠야","권갑용"
"2008.04.20","최기훈","펑리야오"
"2008.04.20","이춘규","무라카미 아키히데"
"2008.04.20","린수양","장쉐빈"
"2008.04.20","셰이민","이관철"
"2008.04.20","온소진","황 염"
"2008.04.20","사카이 히데유키","이지현(여)"
"2008.04.20","백홍석","김효정"
"2008.04.20","리밍","조선진"
"2008.04.20","펑취안","김 인"
"2008.04.20","기요나리 데츠야","권갑용"
"2008.04.20","최기훈","펑리야오"
"2008.04.20","다무라 치아키","이원도"
"2008.04.20","임순택","조치엔"
"2008.04.20","황이중","김혜민"
"2008.04.20","허영호","고재희"
"2008.04.20","이영구","김석흥"
"2008.04.20","양재호","노준환"
"2008.04.20","이재웅","박영찬"
"2008.04.20","박정상","김동엽"
"2008.04.20","김대희","백성호"
"2008.04.20","박진열","윤영민"
"2008.04.20","홍성지","강지성"
"2008.04.20","이창호","권오민"
"2008.04.20","홍민표","유창혁"
"2008.04.20","류동완","한상훈"
"2008.04.20","원성진","김승재"
"2008.04.19","이세돌","박승화"
"2008.04.19","최철한","박정환"
"2008.04.18","최원용","김종준"
"2008.04.18","백성호","김은선"
"2008.04.18","김주호","윤찬희"
"2008.04.18","온소진","고근태"
"2008.04.18","이정우","이현호"
"2008.04.17","목진석","홍성지"
"2008.04.17","박영훈","이영구"
"2008.04.17","유창혁","백홍석"
"2008.04.17","이세돌","조훈현"
"2008.04.17","이다혜","고수아"
"2008.04.17","조한승","박정상"
"2008.04.16","박진열","염정훈"
"2008.04.16","박지연","루이나이웨이(국내)"
"2008.04.15","박승화","김혜민"
"2008.04.15","원성진","최원용"
"2008.04.14","윤기현","조영숙"
"2008.04.14","이창호","쿵제"
"2008.04.14","류싱","왕리청"
"2008.04.14","요다 노리모토","강동윤"
"2008.04.14","창하오","고노린"
"2008.04.14","조한승","야마시타 게이고"
"2008.04.14","박영훈","다카오 신지"
"2008.04.14","구리","이영구"
"2008.04.14","이세돌","이야마 유타"
"2008.04.12","박정상","김기용"
"2008.04.12","백대현","김강근"
"2008.04.12","최명훈","강유택"
"2008.04.12","이원도","김형우"
"2008.04.12","김승준","윤준상"
"2008.04.12","허영호","안조영"
"2008.04.12","김지석","이춘규"
"2008.04.12","이야마 유타","저우쥔쉰"
"2008.04.12","강동윤","조선진"
"2008.04.12","이영구","후야오위"
"2008.04.12","다카오 신지","목진석"
"2008.04.12","조한승","야마다 다쿠지"
"2008.04.12","고노린","장밍주"
"2008.04.12","쿵제","샤샤(자국)"
"2008.04.12","왕리청","에드워즈 로페즈"
"2008.04.11","윤찬희","이정우"
"2008.04.11","조훈현","김기용"
"2008.04.11","박정상","최원용"
"2008.04.11","백홍석","김대희"
"2008.04.10","강동윤","이창호"
"2008.04.10","이태현","권효진(여)"
"2008.04.10","이상훈(小)","송태곤"
"2008.04.08","강지성","허영호"
"2008.04.08","강동윤","목진석"
"2008.04.05","백홍석","박영훈"
"2008.04.04","조한승","최명훈"
"2008.04.04","한철균","차수권"
"2008.04.03","이세돌","김승재"
"2008.04.03","이민진","루이나이웨이(국내)"
"2008.04.02","이민진","가토 게이코"
"2008.04.01","이민진","탕이"
"2008.03.31","배준희","윤성현"
"2008.03.31","백홍석","이용수"
"2008.03.31","최철한","조한승"
"2008.03.31","조경호","김대희"
"2008.03.31","권갑용","정수현"
"2008.03.31","조대현","이형로"
"2008.03.30","이민진","윤지희"
"2008.03.29","이영구","후야오위"
"2008.03.29","이세돌","리저"
"2008.03.28","박지은","이민진"
"2008.03.27","권오민","원성진"
"2008.03.27","목진석","김형우"
"2008.03.27","김기용","홍기표"
"2008.03.27","박정상","윤성현"
"2008.03.27","윤찬희","최원용"
"2008.03.27","박영훈","박병규"
"2008.03.27","이정우","김명완"
"2008.03.27","이재웅","진동규"
"2008.03.27","백홍석","유창혁"
"2008.03.27","원성진","배준희"
"2008.03.27","권오민","김찬우"
"2008.03.27","김형우","황원준"
"2008.03.27","목진석","염정훈"
"2008.03.27","홍기표","최철한"
"2008.03.27","김기용","김승준"
"2008.03.27","윤성현","김승재"
"2008.03.27","박정상","박지훈(小)"
"2008.03.27","최원용","이현호"
"2008.03.27","윤찬희","이상훈(小)"
"2008.03.27","박병규","류동완"
"2008.03.27","김명완","강동윤"
"2008.03.27","이정우","송태곤"
"2008.03.27","진동규","강유택"
"2008.03.27","이재웅","온소진"
"2008.03.27","유창혁","조경호"
"2008.03.27","백홍석","홍장식"
"2008.03.27","허영호","김강근"
"2008.03.26","강지성","한상훈"
"2008.03.26","배준희","박승문"
"2008.03.26","원성진","김윤영"
"2008.03.26","김찬우","김일환"
"2008.03.26","권오민","이민진"
"2008.03.26","황원준","이형로"
"2008.03.26","김형우","천풍조"
"2008.03.26","목진석","윤준상"
"2008.03.26","염정훈","김종수"
"2008.03.26","홍기표","문명근"
"2008.03.26","최철한","이용찬"
"2008.03.26","김승준","안영길"
"2008.03.26","김기용","서중휘"
"2008.03.26","윤성현","전영규"
"2008.03.26","김승재","이태현"
"2008.03.26","박정상","류재형"
"2008.03.26","이현호","이강욱"
"2008.03.26","최원용","양재호"
"2008.03.26","윤찬희","김진훈"
"2008.03.26","이상훈(小)","조한승"
"2008.03.26","최철한","유재성"
"2008.03.26","이용찬","임순택"
"2008.03.26","박지훈(小)","양자패"
"2008.03.26","배준희","백성호"
"2008.03.26","박승문","서봉수"
"2008.03.26","김윤영","김성래"
"2008.03.26","원성진","손근기"
"2008.03.26","김찬우","이상철"
"2008.03.26","김일환","김준영"
"2008.03.26","이민진","양 건"
"2008.03.26","권오민","김혜민"
"2008.03.26","황원준","김석흥"
"2008.03.26","이형로","노영하"
"2008.03.26","천풍조","이지현(여)"
"2008.03.26","김형우","박정환"
"2008.03.26","윤준상","윤영민"
"2008.03.26","목진석","김대희"
"2008.03.26","염정훈","장명한"
"2008.03.26","문명근","서무상"
"2008.03.26","홍기표","최창원"
"2008.03.26","안영길","윤 혁"
"2008.03.26","김승준","김선미"
"2008.03.26","서중휘","주형욱"
"2008.03.26","김기용","박지연"
"2008.03.26","윤성현","김수진"
"2008.03.26","전영규","공병주"
"2008.03.26","김승재","이다혜"
"2008.03.26","이태현","유재호"
"2008.03.26","류재형","나종훈"
"2008.03.26","박정상","박영찬"
"2008.03.26","박지훈(小)","이희성"
"2008.03.26","양자패","권형진"
"2008.03.26","양자패","김기헌"
"2008.03.26","이강욱","김형환"
"2008.03.26","이현호","노준환"
"2008.03.26","최원용","박승철"
"2008.03.26","양재호","루이나이웨이(국내)"
"2008.03.26","김진훈","김영환"
"2008.03.26","윤찬희","김현섭"
"2008.03.26","이상훈(小)","이상훈(大)"
"2008.03.26","조한승","정동식"
"2008.03.25","박정상","조훈현"
"2008.03.25","박영훈","박지훈(大)"
"2008.03.25","류동완","최명훈"
"2008.03.25","박병규","박승화"
"2008.03.25","박영훈","고수아"
"2008.03.25","박지훈(大)","허장회"
"2008.03.25","김명완","이성재"
"2008.03.25","송태곤","조혜연"
"2008.03.25","이정우","박성수"
"2008.03.25","강유택","김주호"
"2008.03.25","진동규","박지은"
"2008.03.25","이재웅","고근태"
"2008.03.25","온소진","배윤진"
"2008.03.25","조경호","김동면"
"2008.03.25","유창혁","최규병"
"2008.03.25","백홍석","장주주(국내)"
"2008.03.25","홍장식","김광식"
"2008.03.25","김강근","이원도"
"2008.03.25","허영호","차수권"
"2008.03.25","강지성","안조영"
"2008.03.25","강동윤","박진열"
"2008.03.25","한상훈","권효진(여)"
"2008.03.25","최명훈","오규철"
"2008.03.25","류동완","김효곤"
"2008.03.25","박승화","김수용"
"2008.03.25","박병규","김태향"
"2008.03.25","박영훈","최문용"
"2008.03.25","고수아","박종열"
"2008.03.25","박지훈(大)","김수장"
"2008.03.25","허장회","권경언"
"2008.03.25","이성재","정대상"
"2008.03.25","김명완","이관철"
"2008.03.25","강동윤","김진우"
"2008.03.25","박진열","정수현"
"2008.03.25","송태곤","남치형"
"2008.03.25","조혜연","최기훈"
"2008.03.25","박성수","김선호"
"2008.03.25","이정우","유병호"
"2008.03.25","강유택","옥득진"
"2008.03.25","김주호","진시영"
"2008.03.25","박지은","한철균"
"2008.03.25","진동규","이춘규"
"2008.03.25","이재웅","강 훈(大)"
"2008.03.25","고근태","심종식"
"2008.03.25","온소진","김동엽"
"2008.03.25","배윤진","강만우"
"2008.03.25","조경호","김만수"
"2008.03.25","김동면","백대현"
"2008.03.25","최규병","김세실"
"2008.03.25","유창혁","양상국"
"2008.03.25","백홍석","백지희"
"2008.03.25","장주주(국내)","김재구"
"2008.03.25","김광식","김지석"
"2008.03.25","홍장식","김 원"
"2008.03.25","김강근","이용수"
"2008.03.25","이원도","유건재"
"2008.03.25","차수권","이홍열"
"2008.03.25","허영호","박소현"
"2008.03.25","권효진(여)","이봉근"
"2008.03.25","한상훈","하호정"
"2008.03.25","강지성","하찬석"
"2008.03.25","안조영","서능욱"
"2008.03.24","조한승","이현호"
"2008.03.24","박영훈","한상훈"
"2008.03.24","김종수","김민희"
"2008.03.24","백성호","한종진"
"2008.03.24","김성래","현미진"
"2008.03.24","양 건","홍민표"
"2008.03.24","김석흥","김효정"
"2008.03.24","이지현(여)","박상돈"
"2008.03.24","윤준상","김영삼"
"2008.03.24","김종수","권갑용"
"2008.03.24","서무상","김철중"
"2008.03.24","최철한","웨량"
"2008.03.24","안영길","이기섭"
"2008.03.24","윤성현","이현욱"
"2008.03.24","김승재","백흥수"
"2008.03.24","나종훈","이하진"
"2008.03.24","박지훈(小)","조연우"
"2008.03.24","김형환","차민수"
"2008.03.24","최원용","장두진"
"2008.03.24","김진훈","장수영"
"2008.03.24","최명훈","이슬아"
"2008.03.24","박승화","안관욱"
"2008.03.24","최문용","윤현석"
"2008.03.24","박지훈(大)","김덕규"
"2008.03.24","정대상","윤지희"
"2008.03.24","김진우","고재희"
"2008.03.24","송태곤","윤재웅"
"2008.03.24","옥득진","김은선"
"2008.03.24","박지은","이영신"
"2008.03.24","이재웅","김학수(大)"
"2008.03.24","김동엽","조영숙"
"2008.03.24","조경호","윤기현"
"2008.03.24","최규병","김종준"
"2008.03.24","백지희","이정원"
"2008.03.24","이용수","김 인"
"2008.03.24","차수권","조대현"
"2008.03.24","권효진(여)","윤종섭"
"2008.03.24","강지성","김성룡"
"2008.03.22","뉴위톈","이영구"
"2008.03.22","현미진","김효정"
"2008.03.21","박승현","이용찬"
"2008.03.21","강유택","김진훈"
"2008.03.21","이상훈(小)","백대현"
"2008.03.21","김수장","김수진"
"2008.03.21","이원도","서중휘"
"2008.03.21","이현호","박지은"
"2008.03.21","김대희","이희성"
"2008.03.21","조혜연","이슬아"
"2008.03.21","박정근","박지훈(小)"
"2008.03.21","이춘규","윤현석"
"2008.03.21","김동엽","김수용"
"2008.03.21","류동완","이상훈(大)"
"2008.03.21","박영훈","백홍석"
"2008.03.21","박승현","박병규"
"2008.03.21","이용찬","박승문"
"2008.03.21","강유택","김종수"
"2008.03.21","김진훈","루이나이웨이(국내)"
"2008.03.21","이상훈(小)","윤재웅"
"2008.03.21","백대현","김환수"
"2008.03.21","김수장","김혜민"
"2008.03.21","김수진","김현섭"
"2008.03.21","서중휘","강지성"
"2008.03.21","이원도","옥득진"
"2008.03.21","박지은","한종진"
"2008.03.21","이현호","김형환"
"2008.03.21","이희성","김진우"
"2008.03.21","김대희","김은선"
"2008.03.21","이슬아","김명완"
"2008.03.21","조혜연","서건우"
"2008.03.21","박정근","나종훈"
"2008.03.21","박지훈(小)","서무상"
"2008.03.21","이춘규","웨량"
"2008.03.21","윤현석","정대상"
"2008.03.21","김수용","진시영"
"2008.03.21","김동엽","김영삼"
"2008.03.21","류동완","이용수"
"2008.03.21","이상훈(大)","박종열"
"2008.03.20","윤재웅","김동면"
"2008.03.20","이상훈(小)","류재형"
"2008.03.20","김환수","양자패"
"2008.03.20","백대현","박영찬"
"2008.03.20","김혜민","김선미"
"2008.03.20","김수장","김세실"
"2008.03.20","김수진","백지희"
"2008.03.20","김현섭","이현욱"
"2008.03.20","서중휘","김찬우"
"2008.03.20","강지성","오규철"
"2008.03.20","옥득진","윤지희"
"2008.03.20","이원도","권형진"
"2008.03.20","한종진","김철중"
"2008.03.20","박지은","이민진"
"2008.03.20","김형환","배준희"
"2008.03.20","박병규","주형욱"
"2008.03.20","권오민","임순택"
"2008.03.20","박승철","백흥수"
"2008.03.20","박승문","노준환"
"2008.03.20","이용찬","이형로"
"2008.03.20","강유택","차수권"
"2008.03.20","이강욱","이기섭"
"2008.03.20","고수아","하호정"
"2008.03.20","루이나이웨이(국내)","이상철"
"2008.03.20","이정원","김효정"
"2008.03.20","김진훈","전영규"
"2008.03.20","김동면","하찬석"
"2008.03.20","윤재웅","이봉근"
"2008.03.20","이상훈(小)","안관욱"
"2008.03.20","양자패","김재구"
"2008.03.20","김환수","김석흥"
"2008.03.20","양자패","김 인"
"2008.03.20","박영찬","고재희"
"2008.03.20","김혜민","박지연"
"2008.03.20","김선미","양상국"
"2008.03.20","김수장","홍기표"
"2008.03.20","백지희","문명근"
"2008.03.20","이현욱","천풍조"
"2008.03.20","강지성","최기훈"
"2008.03.20","김찬우","윤영민"
"2008.03.20","옥득진","권경언"
"2008.03.20","이원도","김윤영"
"2008.03.20","서중휘","박성수"
"2008.03.20","윤지희","황원준"
"2008.03.20","한종진","홍장식"
"2008.03.20","김철중","이다혜"
"2008.03.20","박지은","손근기"
"2008.03.20","김효곤","한철균"
"2008.03.20","김형환","박진열"
"2008.03.20","이현호","김효곤"
"2008.03.20","김광식","유건재"
"2008.03.20","박병규","김광식"
"2008.03.20","박승현","권오민"
"2008.03.20","박승문","박승철"
"2008.03.20","이용찬","박지훈(大)"
"2008.03.20","강유택","이강욱"
"2008.03.20","김종수","고수아"
"2008.03.20","루이나이웨이(국내)","이정원"
"2008.03.20","김진훈","이하진"
"2008.03.19","이희성","조대현"
"2008.03.19","김진우","노영하"
"2008.03.19","김대희","장주주(국내)"
"2008.03.19","김은선","정동식"
"2008.03.19","김명완","염정훈"
"2008.03.19","이슬아","강 훈(大)"
"2008.03.19","조혜연","김기헌"
"2008.03.19","서건우","최문용"
"2008.03.19","박정근","장두진"
"2008.03.19","나종훈","김덕규"
"2008.03.19","박지훈(小)","박상돈"
"2008.03.19","서무상","조경호"
"2008.03.19","이춘규","윤성현"
"2008.03.19","웨량","김선호"
"2008.03.19","윤현석","허장회"
"2008.03.19","정대상","현미진"
"2008.03.19","진시영","안달훈"
"2008.03.19","김수용","안영길"
"2008.03.19","김영삼","차민수"
"2008.03.19","김동엽","홍종현"
"2008.03.19","이용수","공병주"
"2008.03.19","류동완","김만수"
"2008.03.19","이상훈(大)","김강근"
"2008.03.19","박종열","남치형"
"2008.03.19","이희성","윤종섭"
"2008.03.19","조대현","조연우"
"2008.03.19","김진우","김성래"
"2008.03.19","장주주(국내)","한해원"
"2008.03.19","김대희","김일환"
"2008.03.19","정동식","유재성"
"2008.03.19","염정훈","윤 혁"
"2008.03.19","김명완","김학수(大)"
"2008.03.19","이슬아","박소현"
"2008.03.19","조혜연","김 원"
"2008.03.19","서건우","이영신"
"2008.03.19","장두진","김태향"
"2008.03.19","박정근","유재호"
"2008.03.19","김덕규","강만우"
"2008.03.19","박상돈","진동규"
"2008.03.19","박지훈(小)","심종식"
"2008.03.19","서무상","이관철"
"2008.03.19","윤성현","양 건"
"2008.03.19","이춘규","장명한"
"2008.03.19","웨량","서능욱"
"2008.03.19","허장회","권갑용"
"2008.03.19","현미진","김종준"
"2008.03.19","진시영","이지현(여)"
"2008.03.19","안달훈","이재웅"
"2008.03.19","김수용","김민희"
"2008.03.19","차민수","조영숙"
"2008.03.19","김영삼","이태현"
"2008.03.19","김동엽","김준영"
"2008.03.19","이용수","권효진(여)"
"2008.03.19","공병주","유병호"
"2008.03.19","김만수","윤기현"
"2008.03.19","이상훈(大)","최창원"
"2008.03.19","박종열","배윤진"
"2008.03.18","최원용","최명훈"
"2008.03.18","조한승","강동윤"
"2008.03.18","박지은","이민진"
"2008.03.17","김은선","권효진(여)"
"2008.03.17","김윤영","김수진"
"2008.03.17","쿵제","다카오 신지"
"2008.03.17","저우허양","목진석"
"2008.03.17","이창호","천야오예"
"2008.03.17","셰허","왕시"
"2008.03.17","창하오","왕야오"
"2008.03.17","딩웨이","이세돌"
"2008.03.17","황이중","차민수"
"2008.03.17","구리","원성진"
"2008.03.17","서봉수","조훈현"
"2008.03.15","다카오 신지","장리"
"2008.03.15","왕야오","고노린"
"2008.03.15","왕시","천스위안(국내)"
"2008.03.15","천야오예","고바야시 사토루"
"2008.03.15","딩웨이","요다 노리모토"
"2008.03.15","차민수","이마무라 도시야"
"2008.03.15","원성진","크리스찬 가브리엘"
"2008.03.15","목진석","저우쥔쉰"
"2008.03.15","서봉수","박진열"
"2008.03.15","조훈현","김수장"
"2008.03.14","박진열","김일환"
"2008.03.14","서봉수","김종준"
"2008.03.13","조훈현","노영하"
"2008.03.13","한상훈","김혜민"
"2008.03.13","김수장","오규철"
"2008.03.13","서능욱","강 훈(大)"
"2008.03.12","조훈현","차수권"
"2008.03.12","김선미","이지현(여)"
"2008.03.12","김기용","김승재"
"2008.03.12","김일환","천풍조"
"2008.03.12","박진열","이봉근"
"2008.03.12","김종준","이홍열"
"2008.03.12","노영하","박종열"
"2008.03.12","김수장","장두진"
"2008.03.11","서봉수","하찬석"
"2008.03.11","오규철","김철중"
"2008.03.11","천풍조","유병호"
"2008.03.11","김일환","김준영"
"2008.03.11","박진열","이기섭"
"2008.03.11","이봉근","홍종현"
"2008.03.11","이홍열","강 훈(大)"
"2008.03.11","김종준","심종식"
"2008.03.11","하찬석","허장회"
"2008.03.11","서봉수","이상철"
"2008.03.11","조훈현","정대상"
"2008.03.11","차수권","나종훈"
"2008.03.11","노영하","권갑용"
"2008.03.11","박종열","윤기현"
"2008.03.11","김철중","임순택"
"2008.03.11","오규철","윤종섭"
"2008.03.11","장두진","양상국"
"2008.03.11","김수장","정수현"
"2008.03.11","이민진","박지은"
"2008.03.11","이세돌","목진석"
"2008.03.10","유병호","김동면"
"2008.03.10","김준영","황원준"
"2008.03.10","김일환","백성호"
"2008.03.10","이기섭","한철균"
"2008.03.10","이봉근","정동식"
"2008.03.10","홍종현","장수영"
"2008.03.10","이홍열","고재희"
"2008.03.10","심종식","김덕규"
"2008.03.10","허장회","박상돈"
"2008.03.10","이상철","권경언"
"2008.03.10","서봉수","김학수(大)"
"2008.03.10","정대상","장명한"
"2008.03.10","나종훈","김재구"
"2008.03.10","노영하","김동엽"
"2008.03.10","윤기현","김 인"
"2008.03.10","박종열","백흥수"
"2008.03.10","김철중","이형로"
"2008.03.10","윤종섭","유건재"
"2008.03.10","장두진","문명근"
"2008.03.10","김수장","이관철"
"2008.03.10","정수현","최창원"
"2008.03.10","이세돌","이재웅"
"2008.03.10","조훈현","윤준상"
"2008.03.10","김기용","김승재"
"2008.03.10","김혜민","박소현"
"2008.03.09","박영훈","목진석"
"2008.03.08","박영훈","목진석"
"2008.03.07","탕이","야시로 구미코"
"2008.03.06","김지석","박정환"
"2008.03.06","탕이","이하진"
"2008.03.05","이세돌","홍성지"
"2008.03.05","이하진","만나미 가나"
"2008.03.04","이하진","판웨이징"
"2008.03.03","판웨이징","아오키 기쿠요"
"2008.03.02","아오키 기쿠요","김세실"
"2008.03.01","목진석","박영훈"
"2008.02.29","최규병","김철중"
"2008.02.29","원성진","유창혁"
"2008.02.29","서봉수","장수영"
"2008.02.28","이세돌","한상훈"
"2008.02.27","김승재","박정환"
"2008.02.27","이세돌","한상훈"
"2008.02.26","박영찬","이홍열"
"2008.02.26","박승화","조경호"
"2008.02.26","최명훈","박정상"
"2008.02.25","강동윤","김승준"
"2008.02.25","백홍석","허영호"
"2008.02.25","김종수","김덕규"
"2008.02.25","김기용","홍성지"
"2008.02.25","이하진","윤영민"
"2008.02.25","하호정","박지연"
"2008.02.25","김종수","박상돈"
"2008.02.25","김덕규","이상철"
"2008.02.25","최규병","김동엽"
"2008.02.25","김철중","안관욱"
"2008.02.25","이형로","김석흥"
"2008.02.25","조대현","오규철"
"2008.02.25","정수현","유병호"
"2008.02.25","권갑용","노영하"
"2008.02.25","차수권","이기섭"
"2008.02.25","한철균","유건재"
"2008.02.25","박영찬","김동면"
"2008.02.25","이홍열","정대상"
"2008.02.25","장수영","박진열"
"2008.02.25","서봉수","김수장"
"2008.02.25","강 훈(大)","허장회"
"2008.02.25","서능욱","김종준"
"2008.02.25","김수진","이다혜"
"2008.02.25","김윤영","이슬아"
"2008.02.25","김효정","이영신"
"2008.02.25","현미진","배윤진"
"2008.02.25","이민진","이정원"
"2008.02.25","윤지희","고수아"
"2008.02.25","윤영민","조영숙"
"2008.02.25","이지현(여)","한해원"
"2008.02.25","김선미","조연우"
"2008.02.25","김은선","김세실"
"2008.02.25","권효진(여)","김민희"
"2008.02.25","박지연","백지희"
"2008.02.25","하호정","김태향"
"2008.02.25","김혜민","남치형"
"2008.02.25","박상돈","정동식"
"2008.02.25","김종수","이관철"
"2008.02.25","이상철","이봉근"
"2008.02.25","김덕규","장주주(국내)"
"2008.02.25","최규병","박성수"
"2008.02.25","김동엽","문명근"
"2008.02.25","안관욱","장두진"
"2008.02.25","김철중","양상국"
"2008.02.25","이형로","윤종섭"
"2008.02.25","김석흥","황원준"
"2008.02.25","조대현","백성호"
"2008.02.25","오규철","김학수(大)"
"2008.02.25","정수현","장명한"
"2008.02.25","유병호","나종훈"
"2008.02.25","노영하","임순택"
"2008.02.25","이기섭","박종열"
"2008.02.25","차수권","김 인"
"2008.02.25","한철균","백흥수"
"2008.02.25","유건재","권경언"
"2008.02.25","박영찬","김기헌"
"2008.02.25","김동면","강만우"
"2008.02.25","정대상","김준영"
"2008.02.25","장수영","심종식"
"2008.02.25","박진열","고재희"
"2008.02.25","서봉수","최창원"
"2008.02.25","김수장","하찬석"
"2008.02.25","차수권","김 인"
"2008.02.25","한철균","백흥수"
"2008.02.25","유건재","권경언"
"2008.02.25","박영찬","김기헌"
"2008.02.25","김동면","강만우"
"2008.02.25","정대상","김준영"
"2008.02.25","장수영","심종식"
"2008.02.25","박진열","고재희"
"2008.02.25","서봉수","최창원"
"2008.02.25","김수장","하찬석"
"2008.02.25","허장회","천풍조"
"2008.02.25","강 훈(大)","김재구"
"2008.02.25","서능욱","김성래"
"2008.02.25","한상훈","이세돌"
"2008.02.22","박지은","김혜민"
"2008.02.22","이민진","루이나이웨이(국내)"
"2008.02.21","창하오","박영훈"
"2008.02.20","창하오","이창호"
"2008.02.20","이하진","김은선"
"2008.02.19","이영구","강동윤"
"2008.02.19","창하오","다카오 신지"
"2008.02.19","백홍석","이세돌"
"2008.02.19","원성진","조훈현"
"2008.02.18","이영구","조한승"
"2008.02.18","강동윤","목진석"
"2008.02.18","이하진","박지연"
"2008.02.18","박정상","김승재"
"2008.02.18","이태현","이원도"
"2008.02.18","김은선","이슬아"
"2008.02.15","목진석","이영구"
"2008.02.15","원성진","박영훈"
"2008.02.15","박지연","김세실"
"2008.02.15","김은선","윤지희"
"2008.02.15","루이나이웨이(국내)","권효진(여)"
"2008.02.14","이영구","조한승"
"2008.02.14","목진석","박정상"
"2008.02.14","박영훈","강동윤"
"2008.02.14","원성진","한상훈"
"2008.02.14","이하진","권효진(여)"
"2008.02.14","이슬아","박지은"
"2008.02.13","홍성지","김주호"
"2008.02.13","이하진","김혜민"
"2008.02.13","권효진(여)","박소현"
"2008.02.13","박지연","윤영민"
"2008.02.13","김세실","김수진"
"2008.02.13","김은선","이지현(여)"
"2008.02.13","윤지희","이영신"
"2008.02.13","박지은","조혜연"
"2008.02.13","이슬아","김선미"
"2008.02.13","김은선","한해원"
"2008.02.12","강동윤","최철한"
"2008.02.12","이영구","백홍석"
"2008.02.12","김기용","김대희"
"2008.02.12","이창호","최원용"
"2008.02.12","이하진","현미진"
"2008.02.12","김혜민","김효정"
"2008.02.12","박소현","이민진"
"2008.02.12","권효진(여)","김태향"
"2008.02.12","박지연","조영숙"
"2008.02.12","김수진","이정원"
"2008.02.12","김세실","고수아"
"2008.02.12","이지현(여)","김민희"
"2008.02.12","윤지희","백지희"
"2008.02.12","이영신","배윤진"
"2008.02.12","조혜연","루이나이웨이(국내)"
"2008.02.12","박지은","이다혜"
"2008.02.12","김선미","하호정"
"2008.02.12","이슬아","김윤영"
"2008.02.11","백홍석","박정상"
"2008.02.11","이영구","온소진"
"2008.02.11","최철한","한상훈"
"2008.02.11","강동윤","원성진"
"2008.02.11","이용수","유재성"
"2008.02.11","박정환","송태곤"
"2008.02.11","김윤영","조연우"
"2008.02.05","한상훈","김승재"
"2008.02.04","윤영민","남치형"
"2008.02.04","최명훈","박영훈"
"2008.02.04","한상훈","윤준상"
"2008.02.04","김승재","윤 혁"
"2008.02.02","윤 혁","염정훈"
"2008.02.02","김승재","최원용"
"2008.02.02","이창호","목진석"
"2008.02.01","한상훈","윤찬희"
"2008.02.01","윤준상","강동윤"
"2008.02.01","조훈현","김주호"
"2008.02.01","박영훈","배준희"
"2008.01.31","이하진","김세실"
"2008.01.31","이다혜","조연우"
"2008.01.31","이슬아","백지희"
"2008.01.31","이민진","김은선"
"2008.01.31","현미진","윤영민"
"2008.01.31","고수아","배윤진"
"2008.01.31","박지연","박지은"
"2008.01.31","윤찬희","강유택"
"2008.01.31","한상훈","김기용"
"2008.01.31","윤준상","박지훈(小)"
"2008.01.31","강동윤","진시영"
"2008.01.31","염정훈","배준희"
"2008.01.31","최원용","박승화"
"2008.01.31","윤 혁","최철한"
"2008.01.31","김승재","윤재웅"
"2008.01.30","윤찬희","권형진"
"2008.01.30","강유택","전영규"
"2008.01.30","한상훈","홍성지"
"2008.01.30","김기용","이현호"
"2008.01.30","윤준상","김주호"
"2008.01.30","박지훈(小)","이재웅"
"2008.01.30","진시영","김형환"
"2008.01.30","강동윤","온소진"
"2008.01.30","염정훈","김진우"
"2008.01.30","배준희","홍민표"
"2008.01.30","최철한","주형욱"
"2008.01.30","윤 혁","김수용"
"2008.01.30","박승화","이세돌"
"2008.01.30","최원용","박정환"
"2008.01.30","윤재웅","최기훈"
"2008.01.30","김승재","이원도"
"2008.01.30","이다혜","김선미"
"2008.01.30","조연우","이지현(여)"
"2008.01.30","고수아","이정원"
"2008.01.30","배윤진","김효정"
"2008.01.30","김은선","이영신"
"2008.01.30","이민진","김태향"
"2008.01.30","윤영민","남치형"
"2008.01.30","현미진","박소현"
"2008.01.30","박지연","김수진"
"2008.01.30","박지은","한해원"
"2008.01.30","백지희","김민희"
"2008.01.30","이슬아","김혜민"
"2008.01.30","김세실","조영숙"
"2008.01.30","이하진","권효진(여)"
"2008.01.29","윤찬희","김대희"
"2008.01.29","전영규","김지석"
"2008.01.29","강유택","이용수"
"2008.01.29","한상훈","원성진"
"2008.01.29","이현호","송태곤"
"2008.01.29","김기용","홍기표"
"2008.01.29","김주호","고근태"
"2008.01.29","이재웅","진동규"
"2008.01.29","김형환","허영호"
"2008.01.29","온소진","백홍석"
"2008.01.29","강동윤","손근기"
"2008.01.29","홍민표","이영구"
"2008.01.29","주형욱","조경호"
"2008.01.29","김수용","이태현"
"2008.01.29","윤 혁","김진훈"
"2008.01.29","박승화","박정상"
"2008.01.29","최원용","김선호"
"2008.01.29","최기훈","유재호"
"2008.01.29","이원도","박영훈"
"2008.01.29","김승재","김형우"
"2008.01.29","현미진","윤지희"
"2008.01.29","권효진(여)","하호정"
"2008.01.28","김주호","이영구"
"2008.01.28","박영훈","김승재"
"2008.01.28","온소진","한종진"
"2008.01.28","이현호","김진우"
"2008.01.28","박정상","최철한"
"2008.01.28","박정환","홍민표"
"2008.01.28","이민진","김선미"
"2008.01.28","김수용","권효진(여)"
"2008.01.28","강동윤","김지석"
"2008.01.28","이창호","윤준상"
"2008.01.26","이창호","목진석"
"2008.01.25","최원용","이재웅"
"2008.01.25","원성진","백홍석"
"2008.01.25","최철한","진동규"
"2008.01.25","박영훈","한종진"
"2008.01.24","박정상","박정환"
"2008.01.24","이재웅","온소진"
"2008.01.24","최원용","이성재"
"2008.01.24","백홍석","홍장식"
"2008.01.24","원성진","양재호"
"2008.01.24","조훈현","홍성지"
"2008.01.24","김지석","허영호"
"2008.01.24","강동윤","송태곤"
"2008.01.24","최명훈","옥득진"
"2008.01.24","윤준상","홍민표"
"2008.01.24","이창호","웨량"
"2008.01.24","김주호","윤 혁"
"2008.01.24","최철한","권형진"
"2008.01.24","이세돌","박영훈"
"2008.01.23","김주호","정동식"
"2008.01.23","홍성지","서능욱"
"2008.01.23","박영훈","이세돌"
"2008.01.22","박정환","김수장"
"2008.01.22","최철한","조혜연"
"2008.01.22","진동규","고근태"
"2008.01.22","박정상","백대현"
"2008.01.22","이재웅","김승준"
"2008.01.22","온소진","유재성"
"2008.01.22","이성재","박병규"
"2008.01.22","최원용","한상훈"
"2008.01.22","홍장식","이다혜"
"2008.01.22","백홍석","이상훈(小)"
"2008.01.22","양재호","이정우"
"2008.01.22","원성진","하호정"
"2008.01.22","조훈현","백성호"
"2008.01.22","이영구","김대희"
"2008.01.22","허영호","유재호"
"2008.01.22","김지석","권효진(여)"
"2008.01.22","송태곤","진시영"
"2008.01.22","강동윤","김형환"
"2008.01.22","옥득진","이원도"
"2008.01.22","최명훈","김일환"
"2008.01.22","배준희","박지훈(小)"
"2008.01.22","홍민표","박승철"
"2008.01.22","윤준상","김형우"
"2008.01.22","웨량","서중휘"
"2008.01.22","이창호","강유택"
"2008.01.22","김주호","루이나이웨이(국내)"
"2008.01.21","목진석","김대용"
"2008.01.21","송태곤","안관욱"
"2008.01.21","진동규","손근기"
"2008.01.21","고근태","최기훈"
"2008.01.21","권형진","박지훈(大)"
"2008.01.21","김수장","김진우"
"2008.01.21","박정상","김동엽"
"2008.01.21","백대현","천풍조"
"2008.01.21","김승준","주형욱"
"2008.01.21","이재웅","나종훈"
"2008.01.21","유재성","김기헌"
"2008.01.21","온소진","정대상"
"2008.01.21","이성재","양상국"
"2008.01.21","박병규","하찬석"
"2008.01.21","한상훈","조영숙"
"2008.01.21","최원용","김선미"
"2008.01.21","이다혜","김기용"
"2008.01.21","홍장식","공병주"
"2008.01.21","이상훈(小)","이현욱"
"2008.01.21","백홍석","조대현"
"2008.01.21","양재호","고재희"
"2008.01.21","이정우","한철균"
"2008.01.21","원성진","박지연"
"2008.01.21","하호정","강 훈(大)"
"2008.01.21","백성호","조경호"
"2008.01.21","서능욱","이슬아"
"2008.01.21","홍성지","백지희"
"2008.01.21","윤 혁","염정훈"
"2008.01.21","김대희","이태현"
"2008.01.21","이영구","안영길"
"2008.01.21","유재호","윤재웅"
"2008.01.21","허영호","김영환"
"2008.01.21","김지석","윤기현"
"2008.01.21","권효진(여)","박승문"
"2008.01.21","진시영","윤찬희"
"2008.01.21","강동윤","현미진"
"2008.01.21","김형환","김석흥"
"2008.01.21","이원도","유창혁"
"2008.01.21","옥득진","권오민"
"2008.01.21","최명훈","박지은"
"2008.01.21","김일환","안조영"
"2008.01.21","박지훈(小)","류재형"
"2008.01.21","김승재","김수진"
"2008.01.21","홍민표","김민희"
"2008.01.21","박승철","장수영"
"2008.01.21","김형우","김수용"
"2008.01.21","윤준상","이상철"
"2008.01.21","웨량","박승화"
"2008.01.21","서중휘","남치형"
"2008.01.21","강유택","최문용"
"2008.01.21","루이나이웨이(국내)","조혜연"
"2008.01.21","이창호","김명완"
"2008.01.21","이세돌","박영훈"
"2008.01.21","박정환","김성룡"
"2008.01.19","이창호","이영구"
"2008.01.18","손근기","박성수"
"2008.01.18","고근태","김학수(大)"
"2008.01.18","최기훈","노준환"
"2008.01.18","권형진","양 건"
"2008.01.18","최철한","차수권"
"2008.01.18","조혜연","강지성"
"2008.01.18","박정환","이영신"
"2008.01.18","김수장","박종열"
"2008.01.18","김진우","이기섭"
"2008.01.18","박정상","권경언"
"2008.01.18","천풍조","백흥수"
"2008.01.18","백대현","이형로"
"2008.01.18","김승준","유병호"
"2008.01.18","나종훈","김강근"
"2008.01.18","이재웅","배윤진"
"2008.01.18","유재성","김태향"
"2008.01.18","온소진","김만수"
"2008.01.18","정대상","허장회"
"2008.01.18","박병규","최창원"
"2008.01.18","하찬석","이봉근"
"2008.01.18","한상훈","최규병"
"2008.01.18","김선미","장두진"
"2008.01.18","최원용","박소현"
"2008.01.18","이다혜","장주주(국내)"
"2008.01.18","홍장식","권갑용"
"2008.01.18","공병주","김철중"
"2008.01.18","이상훈(小)","박상돈"
"2008.01.18","백홍석","노영하"
"2008.01.18","양재호","김덕규"
"2008.01.18","이정우","윤영민"
"2008.01.18","박지연","유건재"
"2008.01.18","하호정","이홍열"
"2008.01.18","강 훈(大)","김종준"
"2008.01.18","이세돌","목진석"
"2008.01.18","조훈현","이현호"
"2008.01.18","이태현","윤현석"
"2008.01.18","김영환","고수아"
"2008.01.18","배준희","김영삼"
"2008.01.18","김민희","김찬우"
"2008.01.18","김명완","이정원"
"2008.01.17","양상국","강만우"
"2008.01.17","조대현","김동면"
"2008.01.17","한철균","김 원"
"2008.01.17","조훈현","윤성현"
"2008.01.17","조경호","황원준"
"2008.01.17","백성호","한해원"
"2008.01.17","서능욱","문명근"
"2008.01.17","백지희","박진열"
"2008.01.17","홍성지","김세실"
"2008.01.17","윤 혁","김효정"
"2008.01.17","정동식","이지현(여)"
"2008.01.17","이영구","홍기표"
"2008.01.17","안영길","김재구"
"2008.01.17","유재호","정수현"
"2008.01.17","허영호","심종식"
"2008.01.17","김지석","윤종섭"
"2008.01.17","박승문","박영찬"
"2008.01.17","권효진(여)","김 인"
"2008.01.17","진시영","이상훈(大)"
"2008.01.17","안관욱","김은선"
"2008.01.17","송태곤","조연우"
"2008.01.17","강동윤","홍종현"
"2008.01.17","김석흥","임순택"
"2008.01.17","김형환","서봉수"
"2008.01.17","이원도","김성래"
"2008.01.17","권오민","이민진"
"2008.01.17","옥득진","이강욱"
"2008.01.17","최명훈","김광식"
"2008.01.17","안조영","이하진"
"2008.01.17","김일환","김종수"
"2008.01.17","류재형","김진훈"
"2008.01.17","배준희","김혜민"
"2008.01.17","김영삼","김대용"
"2008.01.17","김승재","이용찬"
"2008.01.17","한종진","장명한"
"2008.01.17","장수영","이관철"
"2008.01.17","박승철","윤지희"
"2008.01.17","김형우","김준영"
"2008.01.17","윤준상","이용수"
"2008.01.17","이상철","김선호"
"2008.01.17","박승화","이희성"
"2008.01.17","서중휘","오규철"
"2008.01.17","남치형","김환수"
"2008.01.17","강유택","전영규"
"2008.01.17","이창호","서무상"
"2008.01.17","박지은","루이나이웨이(국내)"
"2008.01.16","박지은","루이나이웨이(국내)"
"2008.01.15","김승재","박승철"
"2008.01.15","김기용","원성진"
"2008.01.14","루이나이웨이(국내)","박지은"
"2008.01.12","목진석","백홍석"
"2008.01.11","아오키 기쿠요","쑹룽후이"
"2008.01.10","아오키 기쿠요","이슬아"
"2008.01.17","강유택","전영규"
"2008.01.17","이창호","서무상"
"2008.01.17","박지은","루이나이웨이(국내)"
"2008.01.16","박지은","루이나이웨이(국내)"
"2008.01.15","김승재","박승철"
"2008.01.15","김기용","원성진"
"2008.01.14","루이나이웨이(국내)","박지은"
"2008.01.12","목진석","백홍석"
"2008.01.11","아오키 기쿠요","쑹룽후이"
"2008.01.10","아오키 기쿠요","이슬아"
"2008.01.10","김기용","박승화"
"2008.01.10","홍성지","염정훈"
"2008.01.10","이창호","안조영"
"2008.01.09","안조영","안영길"
"2008.01.09","이창호","조한승"
"2008.01.09","이슬아","왕판"
"2008.01.08","안영길","이상훈(小)"
"2008.01.08","안조영","이성재"
"2008.01.08","이슬아","요시하라 유카리"
"2008.01.07","조한승","한종진"
"2008.01.07","김지석","최철한"
"2008.01.07","윤성현","진동규"
"2008.01.07","이창호","목진석"
"2008.01.04","이상훈(小)","김영환"
"2008.01.04","안영길","류재형"
"2008.01.04","안조영","이용찬"
"2008.01.04","이성재","윤성현"
"2008.01.04","조한승","김영삼"
"2008.01.04","한종진","김승준"
"2008.01.04","이창호","최규병"
"2008.01.04","목진석","박승철"
"2008.01.04","이상훈(小)","김성래"
"2008.01.04","김영환","홍장식"
"2008.01.04","안영길","김광식"
"2008.01.04","류재형","유창혁"
"2008.01.04","안조영","이현욱"
"2008.01.04","이용찬","김 원"
"2008.01.04","이성재","김명완"
"2008.01.04","윤성현","박지훈(大)"
"2008.01.04","조한승","김강근"
"2008.01.04","김영삼","서무상"
"2008.01.04","한종진","최문용"
"2008.01.04","김승준","조대현"
"2008.01.04","최규병","김종수"
"2008.01.04","목진석","웨량"
"2008.01.04","박승철","최명훈"
"2008.01.03","이창호","강지성"
"2008.01.03","김성래","강만우"
"2008.01.03","김영환","이정우"
"2008.01.03","홍장식","박성수"
